 Business_Name ,Address,City,Zip,Instant_Sales,Online_Sales,Total,total income,avg income
SMITH & SNOW SHELL,5918 SMITH RD,BROOK PARK,44142,1530031,1026263,2556294,472636000,"51,429.38"
QUICK SHOP FOOD MART,4263 MONTICELLO BLVD,SOUTH EUCLID,44121,391620,1063452.5,1455072.5,1748883000,"198,061.49"
EMERY CONVENIENT FOOD MART,21925 EMERY RD,WARRENSVILLE HEIGHTS,44128,417740,956635,1374375,420328000,"247,251.76"
CONVENIENT FOOD MART #3058,23555 LORAIN RD,NORTH OLMSTED,44070,745400,541301,1286701,906978000,"51,856.95"
CONVENIENT FOOD MART #30103,5250 WARRENSVILLE CENTER RD,MAPLE HEIGHTS,44137,475369,740109,1215478,533650000,"31,008.13"
D & M CONVENIENCE FOOD MART,33630 AURORA RD,SOLON,44139,530022,682336.5,1212358.5,153913000,"24,824.68"
DUNHAM BEVERAGE,6191 DUNHAM AVE,MAPLE HEIGHTS,44137,363073,606315,969388,153786000,"19,972.21"
LUCKYS BEVERAGE & DELI,5228 BROADVIEW RD,PARMA,44134,534526,424166,958692,408957000,"25,688.25"
EAST 55TH ST CLAIR SHELL,5505 ST CLAIR AVE,CLEVELAND,44103,389098,533397.5,922495.5,578940000,"64,903.59"
WILSON MILLS 271 MARATHON,6295 WILSON MILLS RD,HIGHLAND HEIGHTS,44143,567400,331988.5,899388.5,1383539000,"49,857.26"
BEST STEAK AND GYRO HOUSE,13620 EUCLID AVE,EAST CLEVELAND,44112,297400,601971.5,899371.5,366337000,"36,633.70"
THE STORE,7095 BROADVIEW RD,SEVEN HILLS,44131,538470,350736,889206,539914000,"30,486.39"
HIGHLAND FOOD MART,25989 HIGHLAND RD,RICHMOND HEIGHTS,44143,292300,592331.5,884631.5,204169000,"25,713.98"
AUDREY'S DELI,6347 STATE RD,PARMA,44134,457091,398074.5,855165.5,717883000,"36,664.10"
CONVENIENT FOOD MART #30115,22299 EUCLID AVE,EUCLID,44117,296440,554985,851425,233832000,"27,284.95"
EMERY FOOD MART,25850 EMERY RD,WARRENSVILLE HEIGHTS,44128,284850,550744.5,835594.5,429954000,"52,819.90"
SHELIGA DRUG INC,6025 ST CLAIR AVE,CLEVELAND,44103,254230,579315.5,833545.5,493685000,"166,785.47"
J & M FOOD MARKET,1976 WARRENSVILLE CENTER RD,SOUTH EUCLID,44121,240818,585757,826575,121854000,"45,638.20"
CONVENIENT FOOD MART,6610 SMITH RD,MIDDLEBURG HEIGHTS,44130,540050,278061.5,818111.5,1103429000,"97,218.41"
FOOD PLUS,3895 LEE RD,CLEVELAND,44128,186291,630210.5,816501.5,168802000,"36,379.74"
LOTTERY STOP,230 HURON RD SW STE 72076,CLEVELAND,44113,328200,474485,802685,1265546000,"69,650.30"
PLAZA SERVERY INC II,1240 E 9TH ST,CLEVELAND,44199,397700,350873.5,748573.5,246095000,"39,312.30"
LE MONDE SUNOCO SERV STATION,3569 LEE RD,CLEVELAND,44120,118740,629386,748126,944838000,"56,509.45"
MIKE'S CONVENIENT FOOD MART,1929 S TAYLOR RD,CLEVELAND HEIGHTS,44118,222579,517965,740544,745684000,"45,056.44"
FRIENDLY FOOD MART,26159 CHARDON RD,RICHMOND HEIGHTS,44143,201944,537873.5,739817.5,1965446000,"115,072.95"
GIANT EAGLE #440,4401 MAYFIELD RD,SOUTH EUCLID,44121,409056,326814.5,735870.5,310848000,"36,271.65"
GATEWAY NEWSTANDS,230 W HURON AVE,CLEVELAND,44113,292926,438730.5,731656.5,1777967000,"84,584.54"
CONVENIENT FOOD MART #3030,788 E 200 ST,CLEVELAND,44119,298759,429795.5,728554.5,534092000,"37,905.75"
SHOP EXPRESS,3965 WARRENSVILLE CENTER RD,WARRENSVILLE HEIGHTS,44122,166702,543759,710461,543787000,"58,221.31"
CONVENIENT FOOD MART,15521 ST CLAIR AVE,CLEVELAND,44110,212036,494047.5,706083.5,41123000,"21,758.20"
PARMA HTS BEVERAGE & DELI,6660 PEARL RD,PARMA HEIGHTS,44130,421195,284728.5,705923.5,430063000,"30,718.79"
GREEN ROAD BEVERAGE,4605 GREEN RD,WARRENSVILLE HEIGHTS,44128,244601,458930,703531,626895000,"41,904.75"
YORKTOWN SERVICE PLAZA,6177 PEARL RD,PARMA HEIGHTS,44130,417300,282157,699457,1272284000,"45,617.93"
BUCKEYE SUNOCO,13009 BUCKEYE AVE,CLEVELAND,44120,140034,547756.5,687790.5,761193000,"65,507.14"
CONVENIENT FOOD MART #30109,7112 BRECKSVILLE RD,INDEPENDENCE,44131,408395,263875,672270,254821000,"35,002.88"
CHAGRIN WINE & BEVERAGE,16814 CHAGRIN BLVD,SHAKER HEIGHTS,44120,162822,508542.5,671364.5,1080880000,"62,805.35"
9 LEAFS ,361 S GREEN RD,SOUTH EUCLID,44121,172712,491762,664474,871634000,"42,958.80"
ADAM DAIRY & DELI,3868 E 131ST ST,CLEVELAND,44120,146260,512720,658980,446486000,"35,018.51"
BOULEVARD CONVENIENT,8808 GARFIELD BLVD,GARFIELD HEIGHTS,44125,371249,279511.5,650760.5,933346000,"68,780.10"
GIANT EAGLE #6376,6300 BIDDULPH RD,BROOKLYN,44144,385550,263765.5,649315.5,386468000,"33,723.21"
TURNEY TOWN BEVERAGE,4928 TURNEY RD,GARFIELD HEIGHTS,44125,311020,321921,632941,716125000,"61,102.82"
INDIAN HILLS SUNOCO,19365 EUCLID AVE,EUCLID,44117,194150,438663.5,632813.5,1363803000,"109,984.11"
HARVARD GAS USA,7020 HARVARD AVE,CLEVELAND,44105,290800,341726,632526,903251000,"111,650.31"
DELI MART ,5346 BROADVIEW RD ,PARMA,44134,312350,311155.5,623505.5,821711000,"110,296.78"
GAS USA,4561 E 131ST ST,GARFIELD HEIGHTS,44105,161990,453178,615168,420545000,"40,869.29"
TURNEY SUNOCO,6009 TURNEY RD,GARFIELD HEIGHTS,44125,333605,277974.5,611579.5,956323000,"72,393.87"
EZ MART FOOD STORE #1,4163 ROCKY RIVER DR,CLEVELAND,44135,387608,220929,608537,434020000,"38,340.99"
CONVENIENT FOOD MART,14302 PURITAS AVE,CLEVELAND,44135,290895,292635,583530,1795749000,"101,454.75"
LUCY'S DAIRY AND MART,5822 STUMPH RD,PARMA,44130,361642,221212.5,582854.5,627861000,"39,712.90"
ZAGARA'S MARKET PLACE,1940 LEE RD,CLEVELAND HEIGHTS,44118,161510,418968,580478,809011000,"78,240.91"
NEWBURGH MARATHON,4723 HARVARD AVE,NEWBURGH HEIGHTS,44105,226850,352669,579519,832271000,"79,113.21"
GIANT EAGLE #6359,27264 LORAIN RD,NORTH OLMSTED,44070,370276,204124,574400,,
BEREA SUNOCO,640 PROSPECT RD,BEREA,44017,205800,366674,572474,,
DISCOUNT TOBACCO & BEVERAGE,744 RICHMOND RD,RICHMOND HEIGHTS,44143,195422,376626.5,572048.5,,
CONVENIENCE FOOD MART,4021 WARRENSVILLE CENTER RD,WARRENSVILLE HEIGHTS,44122,132919,437718.5,570637.5,,
CHILLIES BEVERAGE,2976 E 116TH ST,CLEVELAND,44120,124704,441634.5,566338.5,,
CHEAP TOBACCO ,4695 GREAT NORTHERN BLVD,NORTH OLMSTED,44070,216550,349214,565764,,
EUCLID MART,26610 LAKE SHORE BLVD,EUCLID,44132,262064,299553.5,561617.5,,
DAVE'S SUPERMARKET #11,13130 SHAKER SQ,CLEVELAND,44120,159250,402209.5,561459.5,,
SUPER ONE MARKET,4501 LEE RD,CLEVELAND,44128,86157,472675.5,558832.5,,
SUPERIOR FOOD MART,12333 SUPERIOR AVE,CLEVELAND,44106,67000,477853.5,544853.5,,
DAVE'S SUPERMARKET #16,3628 MAYFIELD RD,CLEVELAND HEIGHTS,44118,180750,362786.5,543536.5,,
RIDGE & MEMPHIS SHELL,7210 MEMPHIS AVE,CLEVELAND,44144,201350,338707,540057,,
LYNDHURST BEVERAGE,5343 MAYFIELD RD,CLEVELAND,44124,209117,329865,538982,,
MIKE & REGGIE'S BEVERAGE,14141 GRANGER RD,MAPLE HEIGHTS,44137,256450,277436.5,533886.5,,
EXPRESS DELI & BEVERAGE,5185 SMITH RD,BROOK PARK,44142,108444,422597.5,531041.5,,
GILLOMBARDOS GIANT EAGLE #5844,1825 SNOW RD,PARMA,44134,366345,149348,515693,,
GIANT EAGLE #5817,7939 DAY DRIVE,PARMA,44129,340000,166569,506569,,
S D M,19367 HILLIARD BLVD,ROCKY RIVER,44116,315318,188407,503725,,
70ELEVEN FOOD STORE #41,1415 S BELVOIR BLVD,SOUTH EUCLID,44121,242286,260679.5,502965.5,,
GIANT EAGLE #0217,6869 SOUTHLAND DR,MIDDLEBURG HEIGHTS,44130,317330,183848.5,501178.5,,
KINSMAN FOOD DEAL,12502 KINSMAN RD,CLEVELAND,44120,82840,417955.5,500795.5,,
LINCOLN FOOD MART,5410 STATE RD,PARMA,44134,196463,303061.5,499524.5,,
HARVARD DELI,14720 HARVARD AVE,CLEVELAND,44128,141480,357225,498705,,
DAIRY DELI,17791 SHELDON RD,MIDDLEBURG HEIGHTS,44130,275476,218783.5,494259.5,,
DAVE'S SUPERMARKET #13,22501 SHORE CENTER DR,EUCLID,44123,180875,306493.5,487368.5,,
MIDTOWN FOOD MART,5400 EUCLID AVE,CLEVELAND,44103,92450,392540,484990,,
S & S GROCERY AND DELI,7963 STATE RD,NORTH ROYALTON,44133,371394,111970.5,483364.5,,
MEMPHIS SMOKEHOUSE,8463 MEMPHIS AVE,BROOKLYN,44144,214785,257220.5,472005.5,,
FOOD PLUS,4606 GREEN RD,WARRENSVILLE HEIGHTS,44128,103182,366372,469554,,
BROADWAY PETROLEUM,22775 BROADWAY AVE,OAKWOOD VILLAGE,44146,78081,390861,468942,,
MILES SUPERMARKET,4127 E 131ST ST,CLEVELAND,44105,115997,351926,467923,,
LORAIN SUNOCO,13601 LORAIN AVE,CLEVELAND,44111,294150,172272,466422,,
SNACKBOX FOOD MART,4920 MEMPHIS AVE,BROOKLYN,44144,294453,171038,465491,,
CONVENIENT FOOD MART,719 BABBITT RD,EUCLID,44123,181259,280000,461259,,
DAVE'S SUPERMARKET #14,16820 HARVARD AVE,CLEVELAND,44128,125650,331767,457417,,
CEDAR'S FINEST,7904 CEDAR AVE,CLEVELAND,44103,107960,349406,457366,,
HEIGHTS DELI MART,5814 PEARL RD,CLEVELAND,44130,276374,173770.5,450144.5,,
HIRSCH'S MARATHON,455 W BAGLEY RD ,BEREA,44017,322250,126690.5,448940.5,,
CHARLIE'S BEVERAGE,15803 LORAIN AVE,CLEVELAND,44111,200659,246461,447120,,
BRONKO'S BEVERAGE,510 E 200TH ST,EUCLID,44119,154383,290807,445190,,
CONVENIENT FOOD MART #30105,5915 ST CLAIR AVE,CLEVELAND,44103,157587,285276,442863,,
COVENTRY FOOD MARKET,2780 MAYFIELD RD,CLEVELAND,44106,162178,279854.5,442032.5,,
MARRAS FOODS & FINE WINES,845 SOM CENTER RD,CLEVELAND,44143,235352,204989.5,440341.5,,
DAVE'S SUPERMARKET #12,4948  TURNEY RD,GARFIELD HEIGHTS,44125,188350,250685.5,439035.5,,
LANGS MARATHON,5994 MAYFIELD RD,MAYFIELD HEIGHTS,44124,256706,182056.5,438762.5,,
PEARL & DENISON SHELL,2424 DENISON AVE,CLEVELAND,44109,239974,198694.5,438668.5,,
DAVE'S SUPERMARKET #1,3301 PAYNE AVE,CLEVELAND,44114,127879,308650,436529,,
CONVENIENT FOOD MART 30044,27112 DETROIT RD,WESTLAKE,44145,326342,105037,431379,,
KINGSDALE SUNOCO,6363 PEARL RD,PARMA HEIGHTS,44130,294772,136560,431332,,
DAVE'S SUPERMARKET #4,15900 LAKE SHORE BLVD,CLEVELAND,44110,108530,320089,428619,,
SPEEDWAY #9196,7320 PEARL RD,MIDDLEBURG HEIGHTS,44130,142600,282141.5,424741.5,,
BACK STAGE BAR,17007 LORAIN AVE,CLEVELAND,44111,0,424524,424524,,
CHALOUPKAS SANDWICH KING,25911 BROADWAY AVE,CLEVELAND,44146,160724,262081.5,422805.5,,
LEE HARVARD SHELL,4060 LEE RD,CLEVELAND,44128,59650,362800,422450,,
GIANT EAGLE #465,14650 SNOW RD,BROOK PARK,44142,278787,142838,421625,,
DISCOUNT DRUG MART #18,6160 BRECKSVILLE RD,INDEPENDENCE,44131,249600,171957.5,421557.5,,
MOOKIE'S BEVERAGE,21700 MILES RD UNIT B,NORTH RANDALL,44128,113050,308220,421270,,
EUCLID SQUARE SHELL,26051 EUCLID AVE,EUCLID,44132,155150,263755,418905,,
MICHAELS DINER,13051 SHAKER BLVD,CLEVELAND,44120,165426,252178,417604,,
DAIRY MART #5449,6069 STATE RD,PARMA,44134,272745,143647,416392,,
GIANT EAGLE #4087,11501 BUCKEYE RD,CLEVELAND,44104,102192,314159.5,416351.5,,
NOBLE FOOD DEAL,2230 NOBLE RD,EAST CLEVELAND,44112,104750,310467,415217,,
SHELL MINI MART ,4606 WARRENSVILLE CENTER RD,CLEVELAND,44128,107460,307202.5,414662.5,,
PARMA TAVERN,5680 BROADVIEW RD,PARMA,44134,53271,360923.5,414194.5,,
HOUGH BEVERAGE & DELI,8812 HOUGH AVE,CLEVELAND,44106,104306,302817.5,407123.5,,
MARC'S #01,6849 SOUTHLAND DR,MIDDLEBURG HEIGHTS,44130,256799,147818.5,404617.5,,
ROCKSIDE SUNOCO,6000 ROCKSIDE RD,INDEPENDENCE,44131,165250,237891.5,403141.5,,
EZ EXCHANGE,7907 SUPERIOR AVE,CLEVELAND,44103,54135,347556,401691,,
LIBERTY GAS ,14510 KINSMAN RD,CLEVELAND,44120,98936,300878.5,399814.5,,
TURNEY DELI,4525 TURNEY RD,CLEVELAND,44105,132480,266613.5,399093.5,,
NORTHFIELD FOOD MART,5291 NORTHFIELD RD,BEDFORD HEIGHTS,44146,96661,302080,398741,,
CONVENIENT FOOD MART 30017,21996 LORAIN RD,FAIRVIEW PARK,44126,256550,140122.5,396672.5,,
BEDFORD SUNOCO,667 NORTHFIELD RD,BEDFORD,44146,121950,273935,395885,,
MCCRACKEN FOOD MART,12395 MCCRACKEN RD,GARFIELD HEIGHTS,44125,156015,239850.5,395865.5,,
MARC'S #12,7359 NORTHCLIFF AVE,BROOKLYN,44144,244450,150965.5,395415.5,,
ONE STOP SUNOCO II,4402 LORAIN AVE,CLEVELAND,44113,246950,147363.5,394313.5,,
LARCHMERE DELI & BEVERAGE,12727 LARCHMERE BLVD,SHAKER HEIGHTS,44120,133030,259356,392386,,
YORK BEVERAGE,7426 YORK RD,PARMA,44130,209500,181354.5,390854.5,,
CONVENIENT FOOD MART #3019,15428 LAKE SHORE BLVD,CLEVELAND,44110,153850,234238.5,388088.5,,
CJ' S BEVERAGE,23886 LAKESHORE BLVD,EUCLID,44123,140938,245922.5,386860.5,,
CANNON FOOD & BEVERAGE,25421 AURORA RD,BEDFORD HEIGHTS,44146,137027,249201,386228,,
CONVENIENT FOOD MART #30065,3584 W 105TH ST,CLEVELAND,44111,215922,169321,385243,,
GIANT EAGLE #208,25105 CEDAR RD,LYNDHURST,44124,178500,206436,384936,,
MAGAZINES & MORE,26880 BROOKPARK RD EXT,NORTH OLMSTED,44070,179010,202314.5,381324.5,,
MARATHON FOOD CENTER,7310 BROADWAY AVE,CLEVELAND,44105,146800,233643,380443,,
FRANK'S SUNOCO FOOD MART,5391 STATE RD,PARMA,44134,267900,110414.5,378314.5,,
GIANT EAGLE #5830,24601 CHAGRIN BLVD,BEACHWOOD,44122,126610,250913.5,377523.5,,
CONVENIENT FOOD MART,26918 COOK RD,OLMSTED TOWNSHIP,44138,246421,130758,377179,,
FOOD MART PLUS,16477 BROADWAY AVE ,MAPLE HEIGHTS,44137,103967,271950.5,375917.5,,
T & W MART,15239 TRISKETT RD,CLEVELAND,44111,210970,163748.5,374718.5,,
THE WINE BARREL,6649 MAYFIELD RD,MAYFIELD HEIGHTS,44124,175580,199030.5,374610.5,,
RICH'S MINI MARKET,10550 W PLEASANT VALLEY RD,PARMA,44130,220573,152251,372824,,
CONVENIENT FOOD MART #30061,12520 LORAIN AVE,CLEVELAND,44111,170700,202050,372750,,
GREENLITE BEVERAGE & LIQUOR,18235 EUCLID AVE #DD,CLEVELAND,44112,86201,284821,371022,,
PEARL RD SUNOCO,7606 PEARL RD,MIDDLEBURG HEIGHTS,44130,267109,101544,368653,,
CONVENIENCE PLUS FOOD MART #2,9305 MILES AVE,CLEVELAND,44105,61740,306719.5,368459.5,,
CONVENIENT FOOD MART,3794 E 71 ST,CLEVELAND,44105,155750,212227.5,367977.5,,
PARMA QUICK MART,5590 PEARL RD,PARMA,44129,264466,102876.5,367342.5,,
E 40TH  MARATHON ,3980 ST CLAIR,CLEVELAND,44103,160380,206768,367148,,
BABE'S SPORTS GRILLE,7768 W 130TH ST,MIDDLEBURG HEIGHTS,44130,31152,334066.5,365218.5,,
DAVE'S SUPERMARKET #9,2500 E 4OTH ST,CLEVELAND,44104,77050,287946,364996,,
GIANT EAGLE #230,3050 W 117TH ST,CLEVELAND,44111,220294,143815,364109,,
EUCLID BEVERAGE,25657 EUCLID AVE,EUCLID,44132,129146,234136.5,363282.5,,
DAVE'S SUPERMARKET # 17,5100 WILSON MILLS RD,RICHMOND HEIGHTS,44143,146473,216662,363135,,
GIANT EAGLE #5831,14100 DETROIT AVE,LAKEWOOD,44107,215659,147335.5,362994.5,,
LITTLE EAGLE FOOD MARKET,3111 E 93RD ST,CLEVELAND,44104,61094,301840,362934,,
PERKINS BEVERAGE AND DELI,25630 AURORA RD,BEDFORD HEIGHTS,44146,104159,255956.5,360115.5,,
HEROLD FAMILY AUTO CARE,8916 DAY DR,PARMA,44129,227750,132249.5,359999.5,,
USA FOOD MART,1163 E 123RD ST,CLEVELAND,44108,106586,250976,357562,,
CONVENIENT FOOD MART #30101,5514 DUNHAM RD,MAPLE HEIGHTS,44137,145897,210944.5,356841.5,,
PHIL'S CONVENIENCE STORES,305 COLUMBUS ST,BEDFORD,44146,135740,220525.5,356265.5,,
UPSON SHELL,25911 N LAKELAND BLVD,EUCLID,44132,131773,223599.5,355372.5,,
EAST 185TH SHELL,1150 E 185TH ST,CLEVELAND,44119,155634,199644.5,355278.5,,
UPSON DELI,505 E 260TH ST,CLEVELAND,44132,130427,223886.5,354313.5,,
SUNOCO GAS STATION,5460 NORTHFIELD RD,MAPLE HEIGHTS,44137,96515,257357,353872,,
S TAYLOR SHELL,1895 S TAYLOR RD,CLEVELAND HEIGHTS,44118,85550,268222.5,353772.5,,
MARC'S #46,1650 SNOW RD,PARMA,44134,249036,104473.5,353509.5,,
MR Z BEVERAGE & DELI,17205 BROADWAY AVE,MAPLE HEIGHTS,44137,111384,240007,351391,,
MAYLAND BEVERAGE,5740 MAYFIELD RD,MAYFIELD HEIGHTS,44124,164548,186203,350751,,
GIANT EAGLE #6414,5321 WARRENSVILLE CENTER RD,MAPLE HEIGHTS,44137,139170,211335,350505,,
GIANT EAGLE #1297,22160 CENTER RIDGE RD,ROCKY RIVER,44116,205550,143423.5,348973.5,,
SUNOCO A PLUS,5601 WARRENSVILLE CENTER RD,MAPLE HEIGHTS,44137,150040,198281.5,348321.5,,
FIVEPOINTS FAMILY FOOD,1010 E 152ND  ST,CLEVELAND,44110,66550,280214.5,346764.5,,
OLMSTED BI RITE,7070 COLUMBIA RD,OLMSTED TOWNSHIP,44138,223144,123437.5,346581.5,,
PICK QUICK MARKET,8022 YORK RD,NORTH ROYALTON,44133,188750,157616.5,346366.5,,
CALIFORNIA MARKET,7914 ST CLAIR AVE,CLEVELAND,44103,59060,287167.5,346227.5,,
GIANT EAGLE #218,5744 TRANSPORTATION BLVD,GARFIELD HEIGHTS,44125,205055,141108,346163,,
MK LOTTERY,500 S PARK CENTER J U 1500,STRONGSVILLE,44136,212250,132477,344727,,
CONVENIENT FOOD MART,18506 ST CLAIR AVE,CLEVELAND,44110,101946,239351.5,341297.5,,
MCBILLS BEVERAGE,1015 E 185TH ST,CLEVELAND,44119,100517,238319.5,338836.5,,
ZIP THRU BEVERAGE,30781 LORAIN RD,NORTH OLMSTED,44070,151250,187040,338290,,
KILBANES BEVERAGE AND DELI,14692 PEARL RD,STRONGSVILLE,44136,194033,143942,337975,,
PARMA HTS MARATHON,6229 PEARL RD,PARMA HEIGHTS,44130,208529,128650,337179,,
GIANT EAGLE #5836,6259 MAYFIELD RD,MAYFIELD HEIGHTS,44124,183950,153037.5,336987.5,,
MOONS FOOD STORE,14000 DETROIT AVE,LAKEWOOD,44107,219700,117165,336865,,
DELI 4 LESS,24505 CENTER RIDGE RD,WESTLAKE,44145,185231,151610,336841,,
KINSMAN SHELL,9203 KINSMAN RD,CLEVELAND,44104,69050,264609.5,333659.5,,
DENLEY MARKET,4059 VALLEY RD,CLEVELAND,44109,185620,147854,333474,,
GAS USA,15317 EUCLID AVE,EAST CLEVELAND,44112,93829,239314,333143,,
EAST 66TH MEAT MARKET,1453 E 66TH ST,CLEVELAND,44103,69091,263666,332757,,
EASTSIDE MARKET,13920 ST CLAIR AVE,CLEVELAND,44110,80220,252058,332278,,
HARVARD SUNOCO,17510 HARVARD,CLEVELAND,44128,35247,296056,331303,,
C'S BEVERAGE & DELI,4621 BROADVIEW RD,CLEVELAND,44109,212420,118495,330915,,
NORTH COAST WINE & BEER,1630 W 117TH ST,LAKEWOOD,44107,181735,148940,330675,,
DAIRY MART,5703 TURNEY RD,GARFIELD HEIGHTS,44125,146650,183814,330464,,
I 71 RT 82 STRONGSVILLE MARATHON,16717 ROYALTON RD,STRONGSVILLE,44136,175786,153353,329139,,
GO MART,23031 EMERY RD,WARRENSVILLE HEIGHTS,44128,94606,234512,329118,,
ONE STOP SUNOCO #6,13946 STATE RD,NORTH ROYALTON,44133,203106,123139.5,326245.5,,
MACKS BEVERAGE,5358 RIDGE RD,PARMA,44129,183362,140925,324287,,
STATE ROAD BEVERAGE,4810 STATE RD,CLEVELAND,44109,216442,107827,324269,,
GIANT EAGLE #204,6000 ROYALTON RD,NORTH ROYALTON,44133,210630,113382.5,324012.5,,
GIANT EAGLE #1216,30275 DETROIT RD,WESTLAKE,44145,182840,141010,323850,,
DAIRY DELI,6219 W 130TH ST,PARMA HEIGHTS,44130,191736,132077.5,323813.5,,
C & S BEVERAGE & DELI,15649 PURITAS AVE,CLEVELAND,44135,201704,119904.5,321608.5,,
GIANT EAGLE #178,17887 SOUTHPARK CTR,STRONGSVILLE,44136,202900,117185.5,320085.5,,
EUCLID & NOBLE MINI MART,16049 EUCLID AVE,EAST CLEVELAND,44112,91437,228383.5,319820.5,,
JULIEN SHELL,11701 CLIFTON BLVD,LAKEWOOD,44107,145276,173658,318934,,
BOBS NEWSSTAND,1979 W 25TH ST A2,CLEVELAND,44113,202084,115881.5,317965.5,,
GIANT EAGLE #2108,50 W BRIDGE ST,BEREA,44017,186430,131354.5,317784.5,,
MAPLE 1 STOP,6120 DUNHAM RD,MAPLE HEIGHTS,44137,183526,133513,317039,,
PIER BEVERAGE & DELI,22474 LAKE RD,ROCKY RIVER,44116,133118,183125,316243,,
ROYAL DELI,10011 W 130TH ST,NORTH ROYALTON,44133,160550,152986,313536,,
GAS USA MINI MART,16601 EUCLID AVE,EAST CLEVELAND,44112,74358,239111.5,313469.5,,
SAM'S DELI,1241 HAYDEN AVE,EAST CLEVELAND,44112,98580,213658.5,312238.5,,
JOHNS DELI,277 NORTHFIELD RD,BEDFORD,44146,166891,144739.5,311630.5,,
GAS USA,12307 ST CLAIR AVE,CLEVELAND,44108,71127,239845,310972,,
ONE STOP SUNOCO 1,6225 STORER AVE,CLEVELAND,44102,212300,97422,309722,,
GIANT EAGLE #1263,15325 EDGECLIFF AVE,CLEVELAND,44111,205299,103797,309096,,
ABELL FOODS & DELI,3258 E 140TH ST,CLEVELAND,44120,85478,223560.5,309038.5,,
CONVENIENT FOOD MART #032,5270 E 98TH ST,GARFIELD HEIGHTS,44125,154130,154822,308952,,
GIANT EAGLE #201,34310 AURORA RD,SOLON,44139,169117,139778.5,308895.5,,
A & M FOOD MART,25600 AURORA RD,CLEVELAND,44146,86739,219759.5,306498.5,,
SHAKER IMPORTS,16722 CHAGRIN BLVD,CLEVELAND,44120,99995,206233,306228,,
THE THIRD PLACE ,3314 WARREN RD,CLEVELAND,44111,16639,287629,304268,,
CONVENIENT FOOD MART,29233 CENTER RIDGE RD,WESTLAKE,44145,213813,90054,303867,,
MARCS #68,17400 LORAIN RD,CLEVELAND,44111,202153,99576.5,301729.5,,
GIANT EAGLE #5810,21593 LORAIN RD,FAIRVIEW PARK,44126,199282,102304,301586,,
CONVENIENT FOOD MART,18121 EUCLID AVE,CLEVELAND,44112,81879,219449.5,301328.5,,
KONNI'S SUPERMARKET,13598 EUCLID AVE,EAST CLEVELAND,44112,93751,207097.5,300848.5,,
TAYEH VALERO,1930 E 79TH ST,CLEVELAND,44103,73378,225791,299169,,
RIVALS SPORTS GRILLE ,6710 SMITH RD,MIDDLEBURG HEIGHTS,44130,30268,267239,297507,,
PICKWICK FOOD MART,450 FRONT ST,BEREA,44017,195184,100875,296059,,
GABRIELS SHELL,2249 W 117TH ST,CLEVELAND,44111,192100,103927,296027,,
AIGO LLC,4360 LEE RD,CLEVELAND,44128,70160,224449.5,294609.5,,
CONVENIENT FOOD MART,811 E 222ND ST,EUCLID,44123,132993,159606,292599,,
HI POINT MEMPHIS,4915 MEMPHIS AVE,CLEVELAND,44144,180320,111936,292256,,
SAPELL'S FOOD BASKET,1314 W 117TH ST,LAKEWOOD,44107,118750,172578,291328,,
CONVENIENT FOOD MART 3054,3722 DENISON AVE,CLEVELAND,44109,138928,151040,289968,,
GAS AND FOODS,8952 PEARL RD,STRONGSVILLE,44136,164300,125238,289538,,
NEW SPEEDY MART,607 NORTHFIELD RD,BEDFORD,44146,113447,175169,288616,,
THE TOBACCO COMPANY,574 E 185TH ST,CLEVELAND,44119,63254,225311.5,288565.5,,
WARREN VILLAGE BEVERAGE,3330 WARREN RD,CLEVELAND,44111,172850,115601,288451,,
DAVES SUPERMARKET #6,2700 CARROLL AVE,CLEVELAND,44113,116650,170791.5,287441.5,,
LAKESHORE VALERO,15550 LAKESHORE BLVD,CLEVELAND,44110,62741,224025.5,286766.5,,
GAS USA #3,3101 SCRANTON RD,CLEVELAND,44109,131621,154092.5,285713.5,,
DAIRY MART,14322 MADISON AVE,LAKEWOOD,44107,192450,93158.5,285608.5,,
SPEEDY MARKET,4025 E 131ST ST,CLEVELAND,44105,74825,210486.5,285311.5,,
DELI EXPRESS FOOD STORES,8163 BRECKSVILLE RD,BRECKSVILLE,44141,162026,122725.5,284751.5,,
DAIRY MART #5451,7460 MEMPHIS AVE,BROOKLYN,44144,170650,112771.5,283421.5,,
GASWAY ,4702 MEMPHIS AVE,CLEVELAND,44144,181616,101772,283388,,
QUICK AND EASY,12730 ST CLAIR AVE,CLEVELAND,44108,62512,220248,282760,,
DAVE'S SUPERMARKET #8,7422 HARVARD AVE PO BOX 93961,CLEVELAND,44105,107060,175643.5,282703.5,,
HIGH POINT MARATHON,7411 STATE RD,PARMA,44134,176142,106402,282544,,
LUCKY'S EXPRESS,7213 W PLEASANT VALLEY RD,PARMA,44129,176038,106439.5,282477.5,,
ONE STOP SUNOCO #4,940 E 222ND ST,EUCLID,44123,108823,172588.5,281411.5,,
EUCLID SHELL,13441 EUCLID AVE,EAST CLEVELAND,44112,60150,220532.5,280682.5,,
CLEATS PARMA HTS,6405 PEARL RD,PARMA HEIGHTS,44130,14235,266206,280441,,
MARC'S #67,8003 BROADVIEW RD,BROADVIEW HEIGHTS,44147,169570,109138.5,278708.5,,
TREMONT CONVENIENCE FOOD MART,2630 W 14TH ST,CLEVELAND,44113,120350,157839.5,278189.5,,
BOND COURT NEWS,1300 E 9TH ST,CLEVELAND,44114,153323,124768,278091,,
MARC'S #33,7511 W RIDGEWOOD DR,PARMA,44129,180300,97774,278074,,
SIMONS SUPERMARKET,7973 EUCLID AVE,CLEVELAND,44103,50530,227053.5,277583.5,,
KINSMAN MARKET,3344 E 116TH ST,CLEVELAND,44120,62771,214489,277260,,
LAKE SHORE FOOD MART,15208 LAKE SHORE BLVD,CLEVELAND,44110,81422,194755.5,276177.5,,
THISTLEDOWN,21501 EMERY RD,NORTH RANDALL,44128,83159,190849.5,274008.5,,
ONE STOP LIQUOR AGENCY,4071 LEE RD UNIT 290,CLEVELAND,44128,39080,234782.5,273862.5,,
SUNOCO ,20710 S LAKELAND BLVD,EUCLID,44119,158484,114856,273340,,
SNACK SHACK III,4541 E 131ST ST,CLEVELAND,44105,26252,246844,273096,,
ML KING SAV0MOR ,3750 MARTIN LUTHER KING JR DR,CLEVELAND,44105,46100,226872,272972,,
MARC'S #17,12650 ROCKSIDE RD,GARFIELD HEIGHTS,44125,141300,131375,272675,,
DAIRY MART,3387 W 117TH ST,CLEVELAND,44111,163450,109148.5,272598.5,,
RAMI WARRENSVILLE HTS,4351 NORTHFIELD RD,WARRENSVILLE HEIGHTS,44128,77860,194325,272185,,
MERRY ARTS PUB & GRILLE,15607 1/2 DETROIT AVE,LAKEWOOD,44107,0,271362,271362,,
CONVENIENT FOOD MART ,9105 DENISON AVE,CLEVELAND,44102,164014,107152,271166,,
KARLS SUNOCO,8404 CARNEGIE AVE,CLEVELAND,44103,91284,179772,271056,,
GIANT EAGLE #1298,13820 LORAIN AVE,CLEVELAND,44111,170750,100001,270751,,
GAS USA,3266 W 117 ST,CLEVELAND,44111,145728,124407.5,270135.5,,
BELLAIRE GAS WAY,10606 BELLAIRE RD,CLEVELAND,44111,151580,117776,269356,,
TURNEY TOWN SUNOCO,4935 TURNEY RD,GARFIELD HEIGHTS,44125,134710,134296,269006,,
MINI MART,3778 W 117TH ST,CLEVELAND,44111,139400,129311,268711,,
DISCOUNT DRUG MART #08,24485 LORAIN RD,NORTH OLMSTED,44070,181695,86319.5,268014.5,,
JOHNSON DELI,15315 BARTLETT AVE,CLEVELAND,44120,53364,213767,267131,,
CIRCLE K #5622,5878 SMITH RD,BROOK PARK,44142,163772,102456,266228,,
K & M DELI & BEVERAGE,7900 KINSMAN RD,CLEVELAND,44104,57062,208186.5,265248.5,,
SHAW SAV MOR,12901 SHAW AVE,CLEVELAND,44108,52614,212405,265019,,
MARC'S #31,5725 SMITH RD,BROOK PARK,44142,160840,103933,264773,,
CIRCLE K #5241,13933 LAKEWOOD HTS BLVD,LAKEWOOD,44107,189250,74393,263643,,
AUTOMOTIVE SERVICE PROFESSIONALS,5326 TURNEY RD,GARFIELD HEIGHTS,44125,135121,128317.5,263438.5,,
LOWRY'S CAR WASH & DR THRU,14831 SNOW RD PO BOX 42141,BROOK PARK,44142,84738,178456.5,263194.5,,
CIRCLE K #5254,8911 DAY DR,PARMA,44129,153350,109459.5,262809.5,,
GENE'S CORNER BEVERAGE #7,8716 CEDAR AVE,CLEVELAND,44106,45750,216953.5,262703.5,,
SUNOCO MART,871 N ROCKY RIVER DR,BEREA,44017,149797,112649,262446,,
DAVES SUPERMARKET #15,12438 CEDAR BLVD,CLEVELAND HTS,44106,95650,166164.5,261814.5,,
FRIENDLY FOOD MART,4050 W 140TH ST,CLEVELAND,44135,155476,106073,261549,,
WALTON HILLS DELI & MINI MART,7601 WALTON RD,CLEVELAND,44146,120960,140451,261411,,
COLLINWOOD MARATHON,657 E 152ND ST,CLEVELAND,44110,85278,175351.5,260629.5,,
BIG CREEK CONVENIENCE,10211 BROOKPARK RD,PARMA,44130,154827,104618,259445,,
ARLINGTON MARKET,12425 ARLINGTON AVENUE,CLEVELAND,44108,39183,220223.5,259406.5,,
DELI 4 LESS,661 NORTHFIELD RD ,BEDFORD,44146,87566,171839,259405,,
MARC'S #66,371 W BAGLEY RD,BEREA,44017,158820,99698.5,258518.5,,
BIG & LITTLE STORE,187 CENTER RD,BEDFORD,44146,119427,138779,258206,,
ROSS DELI,15524 DETROIT AVE,LAKEWOOD,44107,150525,106698.5,257223.5,,
OLD BROOKLYN FOOD MARKET,4785 PEARL RD,CLEVELAND,44109,132776,124116,256892,,
SPEEDWAY #4044,4549 MAYFIELD RD,SOUTH EUCLID,44121,131526,124673,256199,,
SPEEDWAY #9344,14458 CEDAR RD,SOUTH EUCLID,44121,99398,155758.5,255156.5,,
GP EXPRESS,11750 SNOW RD,PARMA,44130,154185,100416,254601,,
WEST SIDE BEVERAGE & DELI,4400 STATE RD,CLEVELAND,44109,97600,156661.5,254261.5,,
MADISON CONVENIENCE,15019 MADISON AVE,LAKEWOOD,44107,170415,83837,254252,,
TOWN FOODS SUPERMARKET,1082 E 105TH ST,CLEVELAND,44108,48870,205108.5,253978.5,,
SMOKE MART,14037 PURITAS,CLEVELAND,44135,121084,132790,253874,,
123 QUICK STOP,4257 E 71ST ST,CLEVELAND,44105,143420,110364.5,253784.5,,
ERIEVIEW TOWERS NEWSSTAND,1301 E 9TH ST,CLEVELAND,44114,133450,120220.5,253670.5,,
ACME FRESH MARKET #20,1225 PLEASANT VALLEY RD,PARMA,44134,158350,94848,253198,,
SAHLANI BROTHERS INC,3161 MAYFIELD RD,CLEVELAND HEIGHTS,44118,55767,197230.5,252997.5,,
COLLINWOOD CONVENIENT EXPRESS,15518 ST CLAIR AVE,CLEVELAND,44110,81980,170726.5,252706.5,,
EAST 55TH ST SHELL,2625 E 55TH ST,CLEVELAND,44104,69899,181213.5,251112.5,,
CIRCLE K #5251,25605 MILES RD,WARRENSVILLE HEIGHTS,44128,87800,163099,250899,,
MARC'S #02,6695 EASTGATE DR,MAYFIELD HEIGHTS,44124,148630,102129.5,250759.5,,
GET GO #3833,400 NORTHFIELD RD,BEDFORD,44146,98667,151998.5,250665.5,,
EASTSIDE GROCERY,3218 E 135TH ST,CLEVELAND,44120,43830,206762.5,250592.5,,
WEEKSEND TAVERN  ,3309 W 105TH ST,CLEVELAND,44111,0,250230.5,250230.5,,
GET GO #3201,25500 MILES RD,WARRENSVILLE HEIGHTS,44128,119433,130302.5,249735.5,,
CONVENIENCE DELI,863 E 93RD ST,CLEVELAND,44108,57978,191322,249300,,
GET GO #3440,4254 MAYFIELD RD,SOUTH EUCLID,44121,118173,129263.5,247436.5,,
SPEEDWAY #3694,21043 ROYALTON RD,STRONGSVILLE,44149,167650,79106,246756,,
GIANT EAGLE #6388,7400 BROADVIEW RD,PARMA,44134,167010,79623,246633,,
CONVENIENT FOOD MART #3 046,4828 STATE RD,CLEVELAND,44109,140950,105308.5,246258.5,,
WARRENSVILLE BEVERAGE & DELI,20111013 HARVARD AVE,WARRENSVILLE HTS,44122,54175,192062.5,246237.5,,
NEDS BEVERAGE & DELI,5810 W 220 ST,FAIRVIEW PARK,44126,113971,131945.5,245916.5,,
PIT STOP DELI,19609 PURITAS AVE,CLEVELAND,44135,140457,104803,245260,,
MASTRO'S THE 3 SPOT,13855 RIDGE RD,NORTH ROYALTON,44133,40086,203936.5,244022.5,,
SUN MART EXPRESS,7908 W 130TH ST,STRONGSVILLE,44136,145887,97907,243794,,
PARMA HTS SMOKE SHOP & BEVERAGE,6647 PEARL RD,PARMA HEIGHTS,44130,139358,104325.5,243683.5,,
C TOWN'S MORE 4 LESS,1001 W ROYALTON RD,BROADVIEW HEIGHTS,44147,164837,78741,243578,,
AMERICAN FOOD MARKET,8002 DETROIT AVE,CLEVELAND,44102,115268,128293,243561,,
70ELEVEN FOOD STORE #55,16303 LIBBY RD,CLEVELAND,44137,74516,168993.5,243509.5,,
KING MARATHON,11500 ST CLAIR AVE,CLEVELAND,44108,38396,203744.5,242140.5,,
70ELEVEN #19721,16303 LIBBY RD,CLEVELAND,44137,54746,187075,241821,,
STRONGSVILLE DELI STOP,20942 DRAKE RD,STRONGSVILLE,44149,134668,106986,241654,,
BIDDULPH BEVERAGE,6980 BIDDULPH RD,BROOKLYN,44144,104800,136465,241265,,
PARMATOWN MALL,7895 W RIDGEWOOD DR,PARMA,44129,187909,52817,240726,,
BEREA BEVERAGE,7 W GRAND ST,BEREA,44017,135056,105650,240706,,
CIRCLE CONVENIENCE,11313 EUCLID AVE,CLEVELAND,44106,81168,159151.5,240319.5,,
LOUS BUY WISE ,3250 SUPERIOR AVE,CLEVELAND,44114,61373,178929.5,240302.5,,
CONVENIENT FOOD MART,27340 W OVIATT RD,BAY VILLAGE,44140,132545,107695,240240,,
MADISON BI0RITE,12503 MADISON AVE,LAKEWOOD,44107,175570,64645,240215,,
TRICIA'S LITTLE BEVERAGE,5600 COLUMBIA RD,NORTH OLMSTED,44070,128744,111126,239870,,
MARC'S #04,26393 GREAT NORTHERN BLVD,NORTH OLMSTED,44070,149745,90121,239866,,
NEIGHBOR'S CHOICE,525 E 185TH ST,CLEVELAND,44119,91207,148194.5,239401.5,,
MARC'S #41,16224 PEARL RD,STRONGSVILLE,44136,141687,97105.5,238792.5,,
TRUE NORTH #311,5567 WILSON MILLS RD,RICHMOND HEIGHTS,44143,113500,124253.5,237753.5,,
SUNOCO FAMILY FOODS EXPRESS,3363 E 93RD ST,CLEVELAND,44104,63403,174311,237714,,
GUNSELMAN'S TAVERN,21490 LORAIN RD,FAIRVIEW PARK,44126,2000,235279,237279,,
MOLLY MCGHEES SPORTS PUB,13169 PROSPECT RD,STRONGSVILLE,44149,39936,196058,235994,,
GEORGE'S DELI,3001 E RIDGEWOOD DR,SEVEN HILLS,44131,161250,74602,235852,,
PEARL & BRADLEY SUNOCO,5385 PEARL RD,PARMA,44129,142198,93318,235516,,
CIRCLE K #5246,9080 PEARL RD,STRONGSVILLE,44136,155450,79413.5,234863.5,,
MAPLE SHELL,5300 WARRENSVILLE CENTER RD,MAPLE HEIGHTS,44137,101278,132204,233482,,
PIT STOP,4411 CLARK AVE,CLEVELAND,44109,109700,123265.5,232965.5,,
AMERICAN LEGION PARMA HTS POST #703,7667 YORK RD,PARMA,44130,0,232873,232873,,
FREEWAY SUNOCO,15504 WATERLOO RD,CLEVELAND,44110,49222,183143,232365,,
EDDYS MINI MART,907 E 105 ST,CLEVELAND,44108,41911,190305,232216,,
FRIENDLY MINI MART,16708 DETROIT AVE,LAKEWOOD,44107,117721,114263,231984,,
SCOTT'S GROCERY,951 LINN DR,CLEVELAND,44108,39979,191601,231580,,
ONE STOP SUNOCO III,11209 STATE RD,NORTH ROYALTON,44133,162120,69414.5,231534.5,,
DELI 4 LESS FOOD STORES,7893 W 130TH ST,CLEVELAND,44130,126244,104071,230315,,
CLAGUE SHELL,23696 CENTER RIDGE RD,WESTLAKE,44145,138786,90733.5,229519.5,,
SHEETZ #422,21034 ROYALTON RD,STRONGSVILLE,44149,151108,78219,229327,,
CIRCLE0K #5689,29605 AURORA RD,SOLON,44139,88790,140253,229043,,
TONY K'S BAR & GRILLE,841 W BAGLEY RD,BEREA,44017,0,228759,228759,,
RED CIRCLE BAR & LANES,6056 STATE RD,PARMA,44134,32675,195983.5,228658.5,,
GAS MART,21820 LAKESHORE BLVD,EUCLID,44123,71790,155841.5,227631.5,,
SNAPPY GAS MART,4189 RIDGE RD,CLEVELAND,44144,142550,84799.5,227349.5,,
IN + OUT FOOD + BEVERAGE,891 LAKEVIEW AVE,CLEVELAND,44108,56840,170185.5,227025.5,,
GET GO #3218,5637 TRANSPORTATION BLVD,GARFIELD HEIGHTS,44125,137617,89278,226895,,
TRUE NORTH #316,6170 SOM CENTER RD,SOLON,44139,95050,131710,226760,,
EDDIES DISCOUNT,2223 NOBLE RD,CLEVELAND HTS,44112,46916,178448.5,225364.5,,
INN CAHOOTS,7525 BROADVIEW RD,SEVEN HILLS,44131,59652,165103.5,224755.5,,
GAS USA,3934 W 117TH ST,CLEVELAND,44111,93252,131467,224719,,
GIANT EAGLE #209,900 NORTHFIELD RD,BEDFORD,44146,99861,124740,224601,,
CHUCKIE MARKET,3661 E 93RD ST,CLEVELAND,44105,53905,170558.5,224463.5,,
EDDY FOOD MART,1031 E 129TH ST,CLEVELAND,44108,37625,186583.5,224208.5,,
THIRST & TEN,15299 SHELDON RD,MIDDLEBURG HEIGHTS,44130,16230,207826.5,224056.5,,
TRUE NORTH #348,6630 RIDGE RD,PARMA,44129,142600,81308.5,223908.5,,
DISCOUNT DRUG MART #17,4170 FULTON RD,BROOKLYN,44144,130150,93197,223347,,
TONYS MARKET,3114 CLARK,CLEVELAND,44109,91310,131840.5,223150.5,,
CIRCLE K #5664,20220 LORAIN RD,FAIRVIEW PARK,44126,125150,97626.5,222776.5,,
ROCKCLIFF MARKET,5417 CHESTER AVE,CLEVELAND,44103,61296,160424,221720,,
DAPPER DAN'S,10929 PROSPECT RD,STRONGSVILLE,44149,13127,208530.5,221657.5,,
GAS USA,2610 NOBLE RD,CLEVELAND,44121,59945,161702,221647,,
CLARK CONVENIENT FOOD PLUS,3315 CLARK AVE,CLEVELAND,44109,78833,141782,220615,,
CONVENIENT FOOD MART #30108,16811 MADISON AVE,LAKEWOOD,44107,120260,100013.5,220273.5,,
ROYAL GAS MART,2850 W 25TH ST,CLEVELAND,44113,141250,78933,220183,,
PARKWOOD DRIVE THRU,11003 SUPERIOR AVE,CLEVELAND,44106,35982,183975,219957,,
CONVENIENT FOOD MART,5741 MEMPHIS AVE,CLEVELAND,44144,110792,108465.5,219257.5,,
TOMMYS TAKE OUT,5928 RIDGE RD,PARMA,44129,103510,115382,218892,,
SUPERIOR BEVERAGE,6203 SUPERIOR AVE,CLEVELAND,44103,32885,186006.5,218891.5,,
DISCOUNT DRUG MART #10,27300 DETROIT RD,WESTLAKE,44145,135383,82740,218123,,
EZ GO MART,3500 BROOKPARK RD,PARMA,44134,156991,61077.5,218068.5,,
HANINI EXPRESS,12800 EUCLID AVE,EAST CLEVELAND,44112,74215,143518,217733,,
KMART GAS #4966,7700 BROOKPARK RD,PARMA,44129,96350,121276,217626,,
GINO'S CENTO ANNO,1314 DENISON AVE,CLEVELAND,44109,0,216809.5,216809.5,,
TRUE NORTH #308,2310 LEE & ESSEX RDS,CLEVELAND HEIGHTS,44118,72150,144526,216676,,
SPEEDWAY #3346,230 RICHMOND RD,RICHMOND HEIGHTS,44143,112073,104103,216176,,
GILLS BEVERAGE & DELI,13923 PROSPECT RD,STRONGSVILLE,44149,138562,76497,215059,,
SHEETZ #465,6767 RIDGE RD,PARMA,44129,146350,67674,214024,,
DISCOUNT DRUG MART #35,6476 YORK RD,PARMA HEIGHTS,44130,162741,50867.5,213608.5,,
RITE STOP,12115 EUCLID AVE,CLEVELAND,44106,81992,131233,213225,,
BROOKLYN PUB & GRILL,6900 BIDDULPH AVE,BROOKLYN,44144,0,213129,213129,,
DAVE'S SUPERMARKET #5,3565 RIDGE RD,CLEVELAND,44102,118798,92991,211789,,
MARATHON ON BROOKPARK,13915 BROOKPARK RD,BROOK PARK,44142,138172,73241,211413,,
BOB ADAMS AUTOMOTIVE,700 TURNEY RD,BEDFORD,44146,47233,163747,210980,,
PARMA GAS & FOOD MART,5874 BROADVIEW RD,PARMA,44134,126277,84366.5,210643.5,,
CIRCLE K #5253,1480 BROADWAY AVE,BEDFORD,44146,104910,105566.5,210476.5,,
GIANT EAGLE #4088,4343 ROYALTON RD,BROADVIEW HEIGHTS,44147,124992,85341.5,210333.5,,
SHOP N GO ,25480 AURORA RD,BEDFORD HEIGHTS,44146,65342,144154,209496,,
GASTOWN #3321,27939 CHAGRIN BLVD,BEACHWOOD,44122,89900,119264,209164,,
WOODWARD BEVERAGE & DELI,5661 TURNEY RD,GARFIELD HEIGHTS,44125,93290,114947.5,208237.5,,
SWINGING DOOR LOUNGE,21093 CENTER RIDGE RD,ROCKY RIVER,44116,0,207828.5,207828.5,,
AMYS BEVERAGE & DELI,3133 PAYNE AVE,CLEVELAND,44114,64300,143521,207821,,
VALU0DOLLAR,2180 BROOKPARK RD,CLEVELAND,44134,128772,78934,207706,,
MITCHELLS TAVERN,24282 CENTER RIDGE RD,WESTLAKE,44145,0,206807,206807,,
JOE D'S BEVERAGE,5259 WALLINGS RD,NORTH ROYALTON,44133,119836,86071.5,205907.5,,
FRANKS MARATHON,11609 MILES AVE,CLEVELAND,44105,45010,160792,205802,,
CHARLIES BEVERAGE,4171 RIDGE RD,BROOKLYN,44144,110200,95369,205569,,
FREEWAY LANES OF SOLON,33185 BAINBRIDGE RD,SOLON,44139,27650,176415.5,204065.5,,
LYNDHURST VALERO,5615 MAYFIELD RD,LYNDHURST,44124,97420,106176,203596,,
BLEACHERS SPORTS GRILL,6855 RIDGE ROAD,PARMA,44129,15999,187145.5,203144.5,,
E Z SHOP,11521 CLIFTON BLVD,CLEVELAND,44102,72450,130207.5,202657.5,,
SPEEDWAY #7690,2726 DOVER CENTER RD,WESTLAKE,44145,126450,76024,202474,,
SLAVIC VILLAGE  BIRITE,6405 FLEET AVE,CLEVELAND,44105,94350,108036,202386,,
EAST CLEVELAND FAMILY FOODS,1325 HAYDEN AVE,EAST CLEVELAND,44112,51626,150468.5,202094.5,,
TRUE NORTH #346,27010 CHAGRIN BLVD,BEACHWOOD,44122,81663,120112,201775,,
TRUE NORTH #315,26100 CHAGRIN BLVD & I 271,BEACHWOOD,44122,76638,125034.5,201672.5,,
70ELEVEN FOOD STORE #42,870 E185TH ST,CLEVELAND,44119,106461,93567.5,200028.5,,
HOUGH BEAUTY SUPPLY,7102 HOUGH AVE,CLEVELAND,44103,37574,162286,199860,,
GET GO #3431,14013 DETROIT AVE,LAKEWOOD,44107,117650,82170.5,199820.5,,
MARC'S #23,15030 PURITAS AVE,CLEVELAND,44135,118265,81358,199623,,
CONVENIENT FOOD MART,4709 CLARK AVE,CLEVELAND,44102,113365,85740,199105,,
EUCLID SHAW SUNOCO FOOD MART,15237 EUCLID AVE,EAST CLEVELAND,44112,52950,145840,198790,,
DPG LOUNGE,18416 ST CLAIR AVE,CLEVELAND,44110,0,198782.5,198782.5,,
70ELEVEN #17275,870 E 185TH ST,CLEVELAND,44119,92950,105611,198561,,
MEMPHIS MART,6226 MEMPHIS AVE,CLEVELAND,44144,114750,83396,198146,,
ALMIRA BEVERAGE,3312 W 105TH ST,CLEVELAND,44111,105250,92615,197865,,
WAGON WHEEL PUB,8761 SNOW RD,PARMA HEIGHTS,44130,0,197806,197806,,
CARNEGIE BP,900 CARNEGIE AVE,CLEVELAND,44115,92176,105213.5,197389.5,,
N & N BEVERAGE,14606 PURITAS AVE,CLEVELAND,44135,62357,134849.5,197206.5,,
RITE SHOP FOOD MART,3022 W 25TH ST,CLEVELAND,44113,99487,96381,195868,,
AMERICAN EEE0Z SHOP FOODS,10925 PROSPECT RD,STRONGSVILLE,44149,101127,94718,195845,,
TRUE NORTH #373,13030 BROOKPARK RD,CLEVELAND,44135,108000,87213.5,195213.5,,
CIRCLE K #5621,5270 NORTHFIELD RD,MAPLE HEIGHTS,44137,57350,137801,195151,,
HAYDEN GAS & GO,1390 HAYDEN AVE,EAST CLEVELAND,44112,35178,159954.5,195132.5,,
MARC'S #13,21661 CENTER RIDGE RD,ROCKY RIVER,44116,112238,82675.5,194913.5,,
MARC'S #15,6231 SOM CENTER RD,SOLON,44139,104306,90378,194684,,
ST. CLAIR BP,5510 ST CLAIR AVE,CLEVELAND,44103,61809,132743.5,194552.5,,
BEVERAGE HOUSE,5347 PEARL RD,PARMA,44129,88340,106164,194504,,
HAYDEN FOOD PLUS,1730 HAYDEN AVE,EAST CLEVELAND,44112,44101,149993.5,194094.5,,
UNION HOUSE,2713 BROOKPARK RD,PARMA,44134,0,193903,193903,,
RED APPLE SUPER MARKET,422 EDDY RD,CLEVELAND,44108,35079,158782.5,193861.5,,
CIRCLE K #5589,7498 BROADVIEW RD,PARMA,44134,136500,57260.5,193760.5,,
TRUE NORTH #418,1000 ROYALTON RD,BROADVIEW HEIGHTS,44147,119150,74512,193662,,
BEDFORD DOWNTOWN BEVERAGE,796 BROADWAY AVE,BEDFORD,44146,68382,125009,193391,,
EUCLID MARATHON,470 E 200TH ST,CLEVELAND,44119,99770,93562,193332,,
CONVENIENT FOOD MART 30107,4695 ROCKY RIVER DR,CLEVELAND,44135,90220,102381,192601,,
VALERO GAS,827 FRONT ST,BEREA,44017,100969,91391,192360,,
"BOOKLEIN BOOKS & NEWS, INC ",1228 EUCLID AVE,CLEVELAND,44115,74516,117796,192312,,
KEY LIQUOR & BEVERAGE,6542 BROADWAY AVE,CLEVELAND,44105,55127,136902,192029,,
SPEEDY GAS,6207 BROADWAY AVE,CLEVELAND,44127,60800,131208.5,192008.5,,
THE SIDE BAR,105 W ST CLAIR AVE,CLEVELAND,44113,25750,166202.5,191952.5,,
PICK & SAVE,3062 E 116TH ST,CLEVELAND,44120,55339,136473.5,191812.5,,
SIMONES BEVERAGE,18414 DETROIT AVE,LAKEWOOD,44107,65972,125487.5,191459.5,,
MR C'S FOOD MART AND LIQUOR,12615 SHAW AVE,CLEVELAND,44108,41599,149588.5,191187.5,,
TOBACCO COMPANY,23146 LORAIN RD,NORTH OLMSTED,44070,102318,88825.5,191143.5,,
TRUE NORTH #362,1145 CROCKER RD,WESTLAKE,44145,120150,70918,191068,,
AVI FOOD SYSTEMS,2060 E 9TH ST,CLEVELAND,44115,89490,101166.5,190656.5,,
DISCOUNT DRUG MART #15,17815 PURITAS AVE,CLEVELAND,44135,112762,77657.5,190419.5,,
RJ' S BEVERAGE,14801 PURITAS AVE,CLEVELAND,44135,107361,82474,189835,,
ROYAL DONUT,5759 STATE RD,PARMA,44134,156750,32876.5,189626.5,,
VALERO FOOD MART,2402 BROOKPARK RD,PARMA,44134,110433,78582.5,189015.5,,
GROVE GAS & FOOD,5790 STATE RD,CLEVELAND,44134,120330,67742.5,188072.5,,
OHIO GAS,1980 NOBLE RD,EAST CLEVELAND,44112,50234,137769.5,188003.5,,
CENTRAL FOX MARKET,453 DUNDEE DR,CLEVELAND,44108,31200,156377,187577,,
GRANDPA' S KITCHEN,1905 E 55TH ST,CLEVELAND,44103,35252,151965.5,187217.5,,
SPEEDWAY #8641,4280 W 150TH ST,CLEVELAND,44135,121507,64974,186481,,
CYPRESS BEVERAGE & DELI,4533 STATE RD,CLEVELAND,44109,84069,102254.5,186323.5,,
SPEEDWAY #3345,6073 MAYFIELD RD,MAYFIELD HEIGHTS,44124,93400,92698,186098,,
ONE STOP MARKET,3744 E 144TH ST,CLEVELAND,44120,44422,141622,186044,,
SPEEDWAY #3309,26516 LORAIN RD,NORTH OLMSTED,44070,109400,76558.5,185958.5,,
TRUE NORTH #358,7798 GRANGER RD,VALLEY VIEW,44131,109050,76840.5,185890.5,,
VINNY'S BEVERAGE,13531 LORAIN AVE,CLEVELAND,44111,87702,97801,185503,,
KMART #4966,7700 BROOKPARK RD,PARMA,44129,146798,38609.5,185407.5,,
SPEEDWAY #3408,9191 ROYALTON RD,NORTH ROYALTON,44133,103762,81499,185261,,
UNITED CONVENIENCE STORE,6206 BROADWAY AVE,CLEVELAND,44127,73350,111866.5,185216.5,,
TEAMZ BAR AND GRILL,6611 EASTLAND RD,MIDDLEBURG HEIGHTS,44130,0,184931,184931,,
TRUE NORTH #303,8952 BRECKSVILLE RD,BRECKSVILLE,44141,104860,79922.5,184782.5,,
CIRCLE K #5244,6300 ENGLE RD,BROOK PARK,44142,125700,59071.5,184771.5,,
LIBERTY GAS USA,3935 W 130 ST,CLEVELAND,44111,78934,105827.5,184761.5,,
DISCOUNT DRUG MART #31,725 E 200TH ST,CLEVELAND,44119,76232,108472.5,184704.5,,
EUCLID MINI MART,355 E 200TH ST,EUCLID,44119,75223,109402,184625,,
D'S BEVERAGE,2118 BROADVIEW RD,CLEVELAND,44109,83850,100605,184455,,
ISLANDER,7581 PEARL RD,MIDDLEBURG HEIGHTS,44130,44447,139982,184429,,
TUNE PALACE,1208 E 105 ST,CLEVELAND,44108,32050,152295,184345,,
GET GO #3297,22150 CENTER RIDGE RD,ROCKY RIVER,44116,85800,98386.5,184186.5,,
TRUE NORTH #328,6004 TURNEY RD,GARFIELD HEIGHTS,44125,65450,118479,183929,,
ENGLE & HOLLAND SUNOCO,6313 ENGLE RD,BROOK PARK,44142,116440,67427,183867,,
ROOKIES,6913 W 130TH ST,PARMA HEIGHTS,44130,0,183503.5,183503.5,,
ICEHOUSE TAVERN & GRILL,10036 BROOKPARK RD,BROOKLYN,44130,2291,180841,183132,,
UNION FOOD MARKET & DELI,3600 E 116TH ST,CLEVELAND,44105,50344,132737,183081,,
ARTUROS RESTAURANT & LOUNGE,26679 BROOKPARK EXT,NORTH OLMSTED,44070,1319,181636,182955,,
BROADVIEW MARATHON,5336 BROADVIEW RD,PARMA,44134,102299,79904.5,182203.5,,
CIRCLE K #5580,13951 TRISKETT RD,CLEVELAND,44111,108350,72857,181207,,
SPEEDWAY #8605,5122 TURNEY RD,GARFIELD HEIGHTS,44125,99962,80099,180061,,
CITY NEWS & GIFTS,633 EUCLID AVE STE 4,CLEVELAND,44114,78105,100281.5,178386.5,,
WARNER FOOD MARKET,4563 WARNER RD,CLEVELAND,44105,61135,117223,178358,,
P & M GAS MART,4818 PERSHING AVE,CLEVELAND,44127,67284,110568.5,177852.5,,
GET GO #3329,2780 E 116TH ST,CLEVELAND,44120,46908,130653.5,177561.5,,
KNUCKLEHEADS BAR & GRILLE,2115 BROOKPARK RD,CLEVELAND,44134,18282,158581,176863,,
MARC'S #03,13693 LORAIN AVE,CLEVELAND,44111,105330,70806,176136,,
D & J FOOD MARKET,3324 W 31ST ST,CLEVELAND,44109,40722,135236,175958,,
ABBEY MARKET,1922 ABBEY AVE,CLEVELAND,44113,83588,92183,175771,,
SPEEDWAY #9297,5764 W 130TH ST,BROOK PARK,44142,103336,72385,175721,,
GAS CITY ,3074 W 14TH ST,CLEVELAND,44113,72241,103207.5,175448.5,,
KWICK STOP,3643 E 116TH ST,CLEVELAND,44105,18200,157083.5,175283.5,,
SHAKERS IGA ,27091 BAGLEY RD,OLMSTED TOWNSHIP,44138,93868,81307,175175,,
EXPRESS FOOD MART #2,1337 W 117TH ST,LAKEWOOD,44107,109210,65918,175128,,
HANNA CONVENIENCE,2015 E 14TH ST,CLEVELAND,44115,96156,78908,175064,,
DISCOUNT DRUG MART #28,8191 COLUMBIA RD,OLMSTED FALLS,44138,111800,63258.5,175058.5,,
CHUPPA'S SPORTS GRILL,6847 PEARL RD,MIDDLEBURG HEIGHTS,44130,0,174296,174296,,
AL'S TAVERN,5203 TURNEY RD,GARFIELD HEIGHTS,44125,12550,161456,174006,,
W 14TH BP,3100 W 14TH ST,CLEVELAND,44109,78710,95146,173856,,
SUNOCO ,10 NORTHFIELD RD,BEDFORD,44146,71370,102122.5,173492.5,,
BUCKEYE MARATHON,8805 BUCKEYE RD,CLEVELAND,44104,44465,128670.5,173135.5,,
NORMANS BEVERAGE & DELI,9021 ST CLAIR AVE,CLEVELAND,44108,24056,148380,172436,,
SULEYMAN'S SUPERMARKET,3121 MARVIN AVE,CLEVELAND,44109,43967,127648.5,171615.5,,
UNITY FOOD MARKET,10221 UNION AVE,CLEVELAND,44105,32257,139302.5,171559.5,,
GET GO #3465,14600 SNOW RD,BROOK PARK,44142,92440,78933.5,171373.5,,
THE PUBLIC HOUSE,17219 LORAIN AVE,CLEVELAND,44111,0,171140,171140,,
BP #267,25525 CENTER RIDGE,WESTLAKE,44145,99520,71568,171088,,
SPEEDWAY #3341,2202 BROADVIEW RD,CLEVELAND,44109,107915,62907.5,170822.5,,
GOLD STAR ,10813 ST CLAIR AVE,CLEVELAND,44108,28553,141979.5,170532.5,,
AMERICAN LEGION POST 91,91 AMERICAN LEGION PKWY,BEREA,44017,0,170090.5,170090.5,,
DISCOUNT DRUG MART #05,15412 DETROIT AVE,LAKEWOOD,44107,110259,59580.5,169839.5,,
DOLLAR BEVERAGE,9200 WADE PARK,CLEVELAND,44106,44464,125075,169539,,
LUCKY ONE,17229 EUCLID AVE,CLEVELAND,44112,29506,139991,169497,,
SMOKER FRIENDLY,15750 BROADWAY AVE,MAPLE HEIGHTS,44137,61063,108256,169319,,
MARC'S #40,4499 MAYFIELD RD,SOUTH EUCLID,44121,75182,94005,169187,,
DAIRY MART,3510 FULTON RD,CLEVELAND,44109,97080,71808,168888,,
GIANT EAGLE #213,20 SHOPPING PLZ,CHAGRIN FALLS,44022,58641,110181.5,168822.5,,
SIMPLY FOOD @ RESERVE SQUARE,1701 E 12TH ST,CLEVELAND,44114,62410,105896.5,168306.5,,
TRUE NORTH #349,5811 RIDGE RD,PARMA,44129,104200,63911,168111,,
TRUE NORTH #376,7635 PEARL RD,MIDDLEBURG HEIGHTS,44130,106685,61378.5,168063.5,,
TAL'S BEVERAGE & GOURMET,5747 RIDGE RD,PARMA,44129,80270,87031.5,167301.5,,
ERNIE'S CENTER BEVERAGE&DELI,22362 LAKE SHORE BLVD,EUCLID,44123,53862,113378.5,167240.5,,
THE DELI,7310 FRANKLIN BLVD,CLEVELAND,44102,84790,82151.5,166941.5,,
ROYALWOOD WINE & DELI,12671 STATE RD,NORTH ROYALTON,44133,76263,90549,166812,,
CITY MART ,4741 WEST 130TH ST,CLEVELAND,44135,85553,81129,166682,,
SPEEDWAY #5417,10301 BROOKPARK RD,PARMA HEIGHTS,44130,100478,66135.5,166613.5,,
CIRCLE K #5250,7895 YORK RD,PARMA HEIGHTS,44130,100240,65853,166093,,
FAIRVIEW CONVENIENT ,19110 LORAIN RD,FAIRVIEW PARK,44126,96322,69697.5,166019.5,,
BEDFORD HEIGHTS SUNOCO,24849 ROCKSIDE RD,BEDFORD HEIGHTS,44146,44188,121755,165943,,
CORK0N0BOTTLE,6724 MAYFIELD RD,MAYFIELD HEIGHTS,44124,11303,154387,165690,,
MINOTTI'S PARMA WINE & LIQUOR,7526 BROADVIEW RD,CLEVELAND,44134,84741,80652.5,165393.5,,
SHAKER QUALITY FOODS,3753 LEE RD,SHAKER HEIGHTS,44128,33260,131926.5,165186.5,,
TRUE NORTH #407,6668 WILSON MILLS RD,GATES MILLS,44040,82850,82188,165038,,
EXPRESS FOOD MART,10134 MADISON AVE,CLEVELAND,44102,73676,91182.5,164858.5,,
DISCOUNT DRUG MART #38,6148 DUNHAM RD,MAPLE HEIGHTS,44137,105188,59490,164678,,
DISCOUNT DRUG MART #49,5500 WALLINGS RD,NORTH ROYALTON,44133,117576,46547,164123,,
FLEET GAS STATION,7025 FLEET AVE,CLEVELAND,44105,75872,88085,163957,,
DONTE'S RESTAURANT & PIZZA,6496 KOLTHOFF DR,BROOK PARK,44142,17453,146364.5,163817.5,,
TOWNE TAVERN,11300 STATE RD ,NORTH ROYALTON,44133,36250,126697.5,162947.5,,
TRUE NORTH #357,15635 ROYALTON RD,STRONGSVILLE,44136,95814,67012.5,162826.5,,
GOLDEN GATE BEVERAGE/LIQUOR,6105 MAYFIELD RD,MAYFIELD HEIGHTS,44124,87136,75683.5,162819.5,,
SPEEDWAY #9172,7250 BROOKPARK RD,PARMA,44129,107450,55165,162615,,
CARUSO'S BAR,5006 CLARK AVE,CLEVELAND,44102,75145,87431,162576,,
FREEWAY LANES OF PARMA,12859 BROOKPARK RD,PARMA,44130,71200,91213,162413,,
MARC'S #35,14861 DETROIT AVE,LAKEWOOD,44107,102579,58954.5,161533.5,,
KINSMAN CITGO,3350 E 116TH ST,CLEVELAND,44120,43463,117813,161276,,
GET GO #3361,4951 RIDGE RD,CLEVELAND,44144,93650,67530,161180,,
PANINIS OF SOLON,6150 SOM CENTER RD,SOLON,44139,28050,132630,160680,,
SAV0WAY FOOD MART,4926 DENISON AVE,CLEVELAND,44102,77092,83510.5,160602.5,,
MARATHON,12436 EUCLID AVE,EAST CLEVELAND,44106,30436,129764,160200,,
DEEP'S STATE LIQUOR & MARKET,7401005 CENTRAL AVE,CLEVELAND,44104,20244,139645,159889,,
ONE STOP SUNOCO #5,15240 TRISKETT RD,CLEVELAND,44111,109850,49911.5,159761.5,,
SALMA'S SNACKS AND LOTTERY,691 RICHMOND RD C33,RICHMOND HEIGHTS,44143,72270,86883,159153,,
LEE HARVARD CONVENIENT STORE,3984 LEE RD,CLEVELAND,44128,29515,129574,159089,,
70ELEVEN #36743,3983 MAYFIELD RD,CLEVELAND,44118,37150,121869.5,159019.5,,
ONE STOP SHOP,10109 ST CLAIR AVE,CLEVELAND,44108,27145,131850.5,158995.5,,
NAHRA'S SHELL,33200 AURORA RD,SOLON,44139,54090,104882.5,158972.5,,
KINSMAN EAGLE ,7515 KINSMAN RD,CLEVELAND,44104,36935,122017.5,158952.5,,
SUNOCO W 130TH,3945 W 130TH ST,CLEVELAND,44111,63850,94438.5,158288.5,,
GROSSMAN'S FOOD MARKET,1283 E 17TH ST,CLEVELAND,44114,33784,124469.5,158253.5,,
SPEEDWAY #3677,17650 BAGLEY RD,MIDDLEBURG HEIGHTS,44130,100473,57658,158131,,
NORTH POINT NEWS STAND,1001 LAKESIDE AVE,CLEVELAND,44114,77359,80653,158012,,
GET GO #3006,27210 CENTER RIDGE RD,WESTLAKE,44145,76900,80727,157627,,
CONVENIENT FOOD MART #30112,5910 DETROIT AVE,CLEVELAND,44102,94000,63476.5,157476.5,,
SPEEDWAY #4043,22251 EUCLID AVE,EUCLID,44117,60754,96520,157274,,
STOP N SAVE,15637 ST CLAIR AVE,CLEVELAND,44110,33562,123692.5,157254.5,,
GET GO #3088,4955 ROYALTON RD,BROADVIEW HEIGHTS,44147,96255,60919.5,157174.5,,
WEST 65TH GAS USA,6501 DENISON AVE,CLEVELAND,44102,89550,66991.5,156541.5,,
ABE' S MARKET,9209 QUINCY AVE,CLEVELAND,44106,29217,126934,156151,,
SPEEDWAY #3336,25300 AURORA RD,BEDFORD HEIGHTS,44146,74020,81511,155531,,
NEE HOW CHINESE FOOD MARKET,23843 LORAIN RD,NORTH OLMSTED,44070,28660,126622.5,155282.5,,
STREET CORNER NEWS,7733 W RIDGEWOOD DR PARMATOWN MALL,PARMA,44129,129491,25658.5,155149.5,,
MARATHON,5300 SUPERIOR AVE,CLEVELAND,44103,29197,125942.5,155139.5,,
QUICK STOP,26165 EUCLID AVE,EUCLID,44132,48984,106011,154995,,
CHILLIES,12200 ST CLAIR AVE,CLEVELAND,44108,48380,105785,154165,,
E & K MINI MART,12810 SUPERIOR AVE,EAST CLEVELAND,44112,33860,120290,154150,,
70ELEVEN #36116,11690 SNOW RD,PARMA HEIGHTS,44130,106386,47335,153721,,
70ELEVEN #36738,20420 CHAGRIN BLVD,CLEVELAND,44122,31300,122054.5,153354.5,,
FAMILY FOOD MARKET,3738 NEWARK AVE,CLEVELAND,44109,62100,91018,153118,,
SIP0N0POST,5581 WALLINGS RD,NORTH ROYALTON,44133,38446,114165.5,152611.5,,
GRAYTON ROAD TAVERN,4760 GRAYTON RD,CLEVELAND,44135,0,152537,152537,,
SPEEDWAY #8339,1511 WARREN RD,LAKEWOOD,44107,87450,64910.5,152360.5,,
1 STOP,11618 BUCKEYE RD,CLEVELAND,44120,41753,110500.5,152253.5,,
WATERWAY GAS & WASH COMPANY,30299 CHAGRIN BLVD ,PEPPER PIKE,44124,63674,88294.5,151968.5,,
EAST 140TH STREET FOOD MARKET,3918 E 140TH ST,CLEVELAND,44128,31741,119383,151124,,
BACK DRAFT BAR & GRILL,24775 LORAIN RD,NORTH OLMSTED,44070,0,150625,150625,,
STORER FOOD & BEVERAGE,5815 STORER AVE,CLEVELAND,44102,89428,61047.5,150475.5,,
CIRCLE K #5243,27190 CENTER RIDGE RD,WESTLAKE,44145,90050,60416,150466,,
RITE SHOP,3153 W 73RD ST,CLEVELAND,44102,85650,64669,150319,,
SUNOCO MINI MART,4591 GREEN RD,WARRENSVILLE HEIGHTS,44128,43560,106722,150282,,
BP #269,25705 CHAGRIN BLVD,BEACHWOOD,44122,57765,92181,149946,,
AMERICAN LEGION BROOKPARK POST 610,19944 SHELDON RD ,BROOK PARK,44142,0,149714.5,149714.5,,
HALLOH SQUARE DEAL SUPERMARKET,2747 CEDAR AVE,CLEVELAND,44115,47917,101736.5,149653.5,,
BROWNS BEVERAGE ,580005804 STORER AVE ,CLEVELAND,44102,86821,61852.5,148673.5,,
I FUEL,15387 PEARL RD,STRONGSVILLE,44136,88100,60552,148652,,
DISCOUNT DRUG MART #21,3889 E 71ST ST,CLEVELAND,44105,60350,88144.5,148494.5,,
UNION LIQUOR,12408 UNION AVE UNIT A,CLEVELAND,44105,33927,114515,148442,,
GET GO #3230,3038 W 117TH ST,CLEVELAND,44111,93400,54865,148265,,
BP #265,2159 S GREEN RD,CLEVELAND HEIGHTS,44118,46413,101560.5,147973.5,,
HUNTINGTON NEWSTAND,925 EUCLID AVE,CLEVELAND,44115,72192,75161.5,147353.5,,
SPEEDWAY #3654,8231 COLUMBIA & BAGLEY RDS,OLMSTED FALLS,44138,97850,49193.5,147043.5,,
FAT LITTLE BUDDIES,26906 COOK RD,OLMSTED TOWNSHIP,44138,0,146830.5,146830.5,,
SAM'S BEVERAGE,12201 FRANKLIN BLVD,LAKEWOOD,44107,75350,71339.5,146689.5,,
HENRYS MARATHON,3106 FULTON RD,CLEVELAND,44109,66903,79744.5,146647.5,,
RUDY'S MINI MART,8910 BUCKEYE RD,CLEVELAND,44104,23372,123157,146529,,
COLLINWOOD VILLAGE FOOD MART,16208 ST CLAIR AVE,CLEVELAND,44110,34020,112446,146466,,
MARC'S #10,22840 LAKE SHORE BLVD,EUCLID,44123,59870,86592.5,146462.5,,
FLOWER CITY GIFT SHOP,2999 PAYNE AVE,CLEVELAND,44114,55146,91263,146409,,
WHISKERS PUB,5771 SMITH RD,BROOK PARK,44142,4750,140532.5,145282.5,,
ASHBURY FOODS ,11025 ASHBURY AVE,CLEVELAND,44106,29586,115213.5,144799.5,,
SULEYMAN'S MARKET,5509 DETROIT AVE,CLEVELAND,44102,67098,77349.5,144447.5,,
CIRCLE K #5248,825 N ROCKY RIVER DR,BEREA,44017,84600,59165.5,143765.5,,
SLIM & CHUBBY'S,12492 PROSPECT ROAD,STRONGSVILLE,44149,15653,128101,143754,,
QUIK DELI,5820 LEE RD,MAPLE HEIGHTS,44137,57590,86135,143725,,
ANTHONY'S SPORTS BAR REST & CAT,10703 W PLEASANT VALLEY RD,PARMA,44130,0,142812,142812,,
STAR VALUE,3691 W 105TH ST,CLEVELAND,44111,81700,61020.5,142720.5,,
70ELEVEN FOOD STORE #68,11690 SNOW RD,PARMA HEIGHTS,44130,104792,37913,142705,,
WEST PARK NEIGHBOR'S CHOICE,4483 ROCKY RIVER DR,CLEVELAND,44135,80733,61674,142407,,
HIGHLAND FOOD MART,4299 NORTHFIELD RD,CLEVELAND,44128,39918,102454.5,142372.5,,
NIKKI MARKET,2886 WOODHILL RD,CLEVELAND,44104,33998,108182,142180,,
TERRYS POUR HOUSE,7535 BROADVIEW RD,SEVEN HILLS,44131,0,142025.5,142025.5,,
STRONGSVILLE PANINIS,14952 PEARL RD,STRONGSVILLE,44136,0,141330.5,141330.5,,
RAZZLES/ROCKERS CAFE,27128 BAGLEY RD,OLMSTED TOWNSHIP,44138,12473,128688.5,141161.5,,
WEST 130TH MARATHON OIL,4611 W 130TH ST,CLEVELAND,44135,78457,62522.5,140979.5,,
SPEEDWAY #3328,2609 HARVARD AVE,CLEVELAND,44105,62700,78237,140937,,
R&J MARKET,2044 W 65TH ST,CLEVELAND,44102,44424,96124.5,140548.5,,
DANZEYS DISCOUNT,7809 WOODLAND AVE,CLEVELAND,44104,14693,125822,140515,,
GET GO #3203,6730 PEARL RD,PARMA HEIGHTS,44130,67298,73009,140307,,
GABOR'S DELI,5700 DUNHAM RD,MAPLE HEIGHTS,44137,46284,94005,140289,,
DARIS MART,8653 RIDGE RD,N ROYALTON,44133,92778,47023,139801,,
SUPERIOR FOOD MARKET,8806 SUPERIOR AVE,CLEVELAND,44106,25383,114326.5,139709.5,,
SPEEDWAY #9230,17600 BROOKPARK RD,CLEVELAND,44135,65550,73617,139167,,
FOOD PLUS,10716 WOODLAND AVE,CLEVELAND,44104,45444,93628,139072,,
FOOD TOWN SUPERMARKET,15545 EUCLID AVE,EAST CLEVELAND,44112,26651,112311.5,138962.5,,
TRUE NORTH #330,6178 BRECKSVILLE RD,INDEPENDENCE,44131,36350,102196.5,138546.5,,
DELI040LESS,8148050 BROADVIEW RD,BROADVIEW HEIGHTS,44147,96387,41769.5,138156.5,,
HIGH POINT STOP & SHOP,4295 TIEDEMAN RD,BROOKLYN,44144,65382,72609,137991,,
SPEEDWAY #5404,30805 DETROIT RD,WESTLAKE,44145,78147,59757,137904,,
JIMMY'S PLACE,5606 PEARL RD,PARMA,44129,0,137497.5,137497.5,,
KINSMAN EXPRESS BEVERAGE,3230 E 93RD ST,CLEVELAND,44104,35823,101567.5,137390.5,,
SIDEWALK CAFE0EUCLID,27101 EUCLID AVE,EUCLID,44132,28443,108547.5,136990.5,,
MARC'S #37,30050 DETROIT RD,WESTLAKE,44145,72812,63975.5,136787.5,,
BP #279,4910 HARVARD AVE,CLEVELAND,44105,67871,68673,136544,,
CONVENIENT FOOD MART,3753 PEARL RD,CLEVELAND,44109,63946,72596,136542,,
QUIKKY'S BAR & GRILLE,5486 STATE RD,CLEVELAND,44134,0,135594,135594,,
SPEEDWAY #9338,15520 MUNN RD ,CLEVELAND,44111,82600,52772,135372,,
EAST END MARKET,12500 DETROIT AVE,LAKEWOOD,44107,66310,68984,135294,,
TROLLEY HOUSE PUB & GRILLE,7066 COLUMBIA RD,OLMSTED TOWNSHIP,44138,0,134839.5,134839.5,,
DURICAS MONTCLAIR SUNOCO,2039 BROADVIEW RD,CLEVELAND,44109,89450,44044.5,133494.5,,
LOPRESTIS UNION CLUB TAVERN,2549 ST CLAIR AVE,CLEVELAND,44114,7040,126431,133471,,
THE DRIVE THRU BEVERAGE,5618 STATE RD,PARMA,44134,76305,56846,133151,,
PURITAS GAS,13925 PURITAS AVE,CLEVELAND,44135,59729,73355.5,133084.5,,
LARRY'S TAVERN,4716 STATE RD,CLEVELAND,44109,0,132601.5,132601.5,,
EDGEWATER DELICATESSEN,8701 LAKE AVE,CLEVELAND,44102,41914,90643.5,132557.5,,
TRUE NORTH #343,25199 LORAIN RD,NORTH OLMSTED,44070,82000,49974,131974,,
BROADVIEW'S MORE040LESS,8148050 BROADVIEW RD,BROADVIEW HEIGHTS,44147,80115,51701,131816,,
QUICK SHOP ,8327 MEMPHIS AVE,BROOKLYN,44144,41400,89502,130902,,
NEW STAR MARKET,3831 E 93RD ST,CLEVELAND,44105,17981,112718.5,130699.5,,
ACES CAFE,19367 LORAIN RD,FAIRVIEW PARK,44126,0,130601,130601,,
MAPLE PETROLEUM,5321 LEE ROAD,MAPLE HEIGHTS,44137,41075,89233.5,130308.5,,
DOVER GARDENS TAVERN,27402 DETROIT RD,WESTLAKE,44145,7091,122594.5,129685.5,,
DOLLOFF CONVENIENT ,5346 DOLLOFF RD,CLEVELAND,44127,46660,82986.5,129646.5,,
WARRENSVILLE MARATHON,5012 WARRENSVILLE CENTER RD,MAPLE HEIGHTS,44137,31373,98171,129544,,
T&N FOOD MART,831 E 140TH ST,CLEVELAND,44110,26007,103271.5,129278.5,,
CHARACTERS SPORTS BAR AND GRILL,6007 BROOKPARK RD,PARMA,44129,0,128780.5,128780.5,,
WADE PARK GROCERY,7101 WADE PARK AVE,CLEVELAND,44103,25712,102836.5,128548.5,,
GEPPETTO'S 0LAKEWOOD,17103 DETROIT AVE,LAKEWOOD,44107,6733,121647.5,128380.5,,
ONE STOP SUNOCO #7,23370 LORAIN RD,NORTH OLMSTED,44070,87124,41219.5,128343.5,,
SUNOCO #9 HOP0IN  FOOD MART,910 E 185TH ST,CLEVELAND,44119,66250,61948.5,128198.5,,
BIGGIE'S FOOD MART,2165 E 55TH ST,CLEVELAND,44103,31200,96883,128083,,
AL'S DELI,10604 SUPERIOR AVE,CLEVELAND,44106,29867,98012.5,127879.5,,
BP #266,2643 WARRENSVILLE CENTER RD,CLEVELAND,44118,38300,89449,127749,,
NIELSON STORES #5,1100 SUPERIOR DIAMOND BUILDING,CLEVELAND,44114,61662,65987.5,127649.5,,
THE UPPER DECK,375 W BAGLEY RD,BEREA,44017,0,127566,127566,,
ADAM DELI,4020 BRIDGE AVE,CLEVELAND,44113,31892,94910.5,126802.5,,
MANNY QUICK STOP,3916 E 123 ST,CLEVELAND,44105,17085,109607.5,126692.5,,
S & M FARRIS'S DRIVE THRU,466 PROSPECT ST,BEREA,44017,53964,72666,126630,,
CLEVELAND0A0ONE0MARKET,383 E. 156TH. STREET,CLEVELAND,44110,34000,92210.5,126210.5,,
SLIM & CHUBBY,15024 PURITAS AVE,CLEVELAND,44135,0,126142,126142,,
WORLD LIQUORS  & WINES ,26840 BROOKPARK EXTENSION,NORTH OLMSTED,44070,65116,60803.5,125919.5,,
SCALPER'S BAR & GRILLE,5718 MAYFIELD RD,LYNDHURST,44124,0,125650.5,125650.5,,
BEVERAGE SQUARE,13340 MADISON AVE,LAKEWOOD,44107,66800,58665.5,125465.5,,
THE PANTRY ,4677 W. 130TH,CLEVELAND,44135,78207,47109.5,125316.5,,
INDEPENDENCE BEVERAGE,7103 BRECKSVILLE RD.,INDEPENDENCE,44131,64730,60014,124744,,
BRADLEY BEVERAGE,30792 CENTER RIDGE RD,WESTLAKE,44145,68456,55329,123785,,
CUYAHOGA LANDMARK,12966 PROSPECT RD,STRONGSVILLE,44149,72093,51688,123781,,
WINNERS SPORTS BAR & GRILL,5300 RIVERSIDE DR C365,CLEVELAND,44135,51400,72217,123617,,
BROOKVIEW TAVERN,2168 BROOKPARK RD,CLEVELAND,44134,0,123226,123226,,
SPEEDWAY #4046,16400 ROCKSIDE RD,MAPLE HEIGHTS,44137,42928,80123.5,123051.5,,
S & K BEVERAGE SHOP,6162 BROADVIEW RD,PARMA,44134,71339,51365,122704,,
FOODS UNLIMITED,1503 SPRING RD,CLEVELAND,44109,60450,61726.5,122176.5,,
FULTON BEVERAGE,3335 FULTON RD,CLEVELAND,44109,78019,43998.5,122017.5,,
H P W 73 LORAIN,7310 LORAIN AVE,CLEVELAND,44102,56059,65833,121892,,
WOODLAND SUPERMARKET,6206 WOODLAND AVE,CLEVELAND,44104,27387,94454,121841,,
FRANKS BEVERAGE,4051 W 140TH ST,CLEVELAND,44135,76239,45574,121813,,
MICHAELS BAR AND GRILLE,25869 CHARDON RD,RICHMOND HEIGHTS,44143,0,121318,121318,,
ANN'S BEVERAGE,14120 LORAIN AVE,CLEVELAND,44111,64950,56269,121219,,
GET GO #3204,10151 W 130TH ST,NORTH ROYALTON,44133,83850,37138,120988,,
PAPONETTI'S PIZZA & PUB,5805 SMITH RD,BROOK PARK,44142,0,120584,120584,,
SWING INN BAR & GRILL,4809 W PLEASANT VALLEY DR,PARMA,44129,0,120354,120354,,
MOUNT PLEASANT BEVERAGE,14101 1/2 KINSMAN RD,CLEVELAND,44120,24360,95763.5,120123.5,,
SHORT CUT DELI & BEVERAGE,14007 BENWOOD AVE,CLEVELAND,44128,21497,98326.5,119823.5,,
CONSTANTINOS MARKET,11022 CLIFTON BLVD,CLEVELAND,44102,48800,70183.5,118983.5,,
HEIGHTS MECHANICAL,2785 MAYFIELD RD,CLEVELAND,44106,67714,51063,118777,,
HOOLEY HOUSE SPORTS PUB & GRILLE,10310 CASCADE CROSSING,BROOKLYN,44144,0,118478,118478,,
CPPA SOCIAL CLUB,1303 W 58 ST,CLEVELAND,44102,0,118267,118267,,
SHORE CENTER BEVERAGE,22808 LAKE SHORE BLVD,EUCLID,44123,48826,69422,118248,,
TRUE NORTH #336,6411 MAYFIELD RD,CLEVELAND,44124,48700,69546.5,118246.5,,
MINOTTI'S VALLEY VIEW BEVERAGE,20550 LORAIN RD,FAIRVIEW PARK,44126,64062,54092.5,118154.5,,
CIRCLE K #5623,530 WARRENSVILLE CENTER RD,BEDFORD,44146,49616,68472,118088,,
TRUE NORTH #375,17212 LORAIN RD,CLEVELAND,44111,70850,47125,117975,,
SUNOCO HANINI,9796 COLUMBIA RD,OLMSTED FALLS,44138,70494,47444,117938,,
SPEEDWAY #9084,24046 LORAIN RD,NORTH OLMSTED,44070,65350,52345.5,117695.5,,
SUN VALLEY BEVERAGE,2700 W 25TH ST,CLEVELAND,44113,65363,52128,117491,,
CONVENIENT PLUS,22933 SPRAGUE RD,STRONGSVILLE,44149,73819,43665,117484,,
MARC'S #71,7510 CHIPPEWA RD,CLEVELAND,44141,67450,49967,117417,,
SUNMART,6665 MAYFIELD RD,CLEVELAND,44124,43284,73938.5,117222.5,,
TWICE GOOD WINE,360 W BAGLEY RD,BEREA,44017,44425,72286,116711,,
DAIRY MART #5447,8808 DETROIT AVE,CLEVELAND,44102,65592,50917,116509,,
GET GO #3376,21991 LORAIN RD,FAIRVIEW PARK,44126,69472,46602.5,116074.5,,
SAM KLEIN CIGAR CO,1834 E 6TH ST,CLEVELAND,44114,55191,60788,115979,,
DISCOUNT DRUG MART #41,13123 DETROIT AVE,LAKEWOOD,44107,61947,53766.5,115713.5,,
SWIFT FOOD MART,10929 ST.CLAIR AVE,CLEVELAND,44108,12532,102860,115392,,
BONNIE'S ,22811 LORAIN AVE,FAIRVIEW PARK,44126,4146,111107,115253,,
B'S SHOP RITE FOOD,2131 E 79TH ST,CLEVELAND,44103,28973,86271,115244,,
SIMON RESTAURANT,7770 CHIPPEWA RD,BRECKSVILLE,44141,0,115216.5,115216.5,,
FINNS CAFE,4641 BROADWAY AVE,CLEVELAND,44127,17684,97420,115104,,
70ELEVEN #36235,6680 MAYFIELD RD,CLEVELAND,44124,38550,76419,114969,,
MAPLE BEVERAGE & DELI,15189 BROADWAY AVE ,MAPLE HEIGHTS,44137,21605,93221.5,114826.5,,
GREAT LAKES PLAZA #13,2000 E EDGERTON RD,BROADVIEW HEIGHTS,44147,84650,29919,114569,,
THE SHOP,11333 SUPERIOR AVE,CLEVELAND,44106,23954,89941,113895,,
BP #278,17810 BAGLEY RD,CLEVELAND,44130,58793,54669.5,113462.5,,
WOODY'S BAR & GRILLE,13932 TRISKETT RD,CLEVELAND,44111,0,112753,112753,,
THOMPKINS FOOD,2184 W 85TH STREET,CLEVELAND,44102,69381,43172,112553,,
CONVENIENT FOOD MART #30098,4475 PEARL RD,CLEVELAND,44109,72100,40300.5,112400.5,,
70ELEVEN FOOD STORE #44,16165 HILLIARD RD,LAKEWOOD,44107,80133,31988,112121,,
LORAIN AND FULTON MARATHON,3501 LORAIN AVE,CLEVELAND,44113,54850,57019.5,111869.5,,
BP,552 E 152ND ST,CLEVELAND,44110,25047,86752,111799,,
COPPER PENNY LOUNGE,5909 BROADVIEW RD,PARMA,44134,9600,102023,111623,,
BAR CODE,7393 STATE RD,CLEVELAND,44134,27581,83756,111337,,
JAN'S SUNOCO,6138 BROADVIEW RD,PARMA,44134,56610,54413.5,111023.5,,
MARC'S #64,1833 COVENTRY RD,CLEVELAND HEIGHTS,44118,52921,57722.5,110643.5,,
GOODTIMES BAR & GRILL,5771 PEARL RD,PARMA,44129,0,110469.5,110469.5,,
MR Z BEVERAGE & DELI,17205 BROADWAY AVE,MAPLE HEIGHTS,44137,24714,85543.5,110257.5,,
LOCO LEPRECHAUN,24545 CENTER RIDGE RD,WESTLAKE,44145,0,109999,109999,,
CLARK BAR,1201 CLARK AVE,CLEVELAND,44109,0,109832,109832,,
GET GO #3092,5275 MAYFIELD RD,LYNDHURST,44124,47910,60692.5,108602.5,,
SS CITY CONVENIENCE,200 PUBLIC SQ  STE 212 BP TOWER,CLEVELAND,44114,44354,64151.5,108505.5,,
PACERS,14600 DETROIT AVE,LAKEWOOD,44107,25477,82639,108116,,
DISCOUNT CIGARETTE MART,5855 TURNEY RD,GARFIELD HEIGHTS,44125,46279,61537.5,107816.5,,
PROFESSOR MARKET,2233 PROFESSOR AVE,CLEVELAND,44113,44910,62863.5,107773.5,,
CONVENIENT FOOD MART #348,4701 STORER AVE,CLEVELAND,44102,68819,38852,107671,,
DUNHAM INN,6140 DUNHAM RD,MAPLE HEIGHTS,44137,0,107453,107453,,
KWIK CHECK,3548 FULTON RD,CLEVELAND,44109,71752,35656,107408,,
TRUE NORTH #356,14473 CEDAR RD,SOUTH EUCLID,44121,19451,87141,106592,,
SUNOCO,1303 CLARK AVE,CLEVELAND,44109,44790,61733,106523,,
70ELEVEN #19726,4075 ROCKY RIVER DR,CLEVELAND,44135,67400,38879.5,106279.5,,
ST CLAIR FOODTOWN,7516 ST CLAIR AVE,CLEVELAND,44103,21448,84735.5,106183.5,,
KHANS FOOD MART,14460 EUCLID AVE ,EAST CLEVELAND,44112,27660,77984,105644,,
SOLON VFW POST #1863 ,6340 MELBURY AVE,SOLON,44139,0,105565,105565,,
EASY FLO GAS,28925 LORAIN RD,NORTH OLMSTED,44070,62500,42905.5,105405.5,,
LUCAS AUTO CENTER,14005 MADISON AVE,LAKEWOOD,44107,62031,43050,105081,,
SPEEDWAY #3320,18501 NOTTINGHAM RD,CLEVELAND,44119,53035,51821.5,104856.5,,
KHALAF STAR MARKET,3371 W 98 ST ,CLEVELAND,44102,51886,52773,104659,,
70ELEVEN FOOD STORE #56,4075 ROCKY RIVER DR,CLEVELAND,44135,77277,27021.5,104298.5,,
BROADWAY MARATHON,14218 BROADWAY AVE,GARFIELD HEIGHTS,44125,37360,66686.5,104046.5,,
70ELEVEN #36730,10300 BROOKPARK RD,CLEVELAND,44130,49150,54823.5,103973.5,,
BAM BOOZLES,5515 BROADVIEW RD,PARMA,44134,11800,91810,103610,,
QUICK SHOP FOOD MART,4053 MARVIN AVE,CLEVELAND,44109,57116,46480,103596,,
STINGERS BAR & GRILL,21702 ST CLAIR AVE,EUCLID,44117,27691,75881,103572,,
BULKLEY CARDS & GIFTS,1501 EUCLID AVE STE 110,CLEVELAND,44115,36755,66300.5,103055.5,,
TOWPATH PLAZA  #14,10037 BROADVIEW RD,BROADVIEW HEIGHTS,44147,78140,24658.5,102798.5,,
MEMPHIS STATION,6101 MEMPHIS AVE,CLEVELAND,44144,0,102795.5,102795.5,,
CARNEGIE SHELL,3020 CARNEGIE AVE ,CLEVELAND,44115,23117,79639,102756,,
DISCOUNT CENTER,11908 BUCKEYE RD,CLEVELAND,44120,25710,77023,102733,,
HARVARD DAIRY & DELI,6624 HARVARD AVE,CLEVELAND,44105,31876,70637.5,102513.5,,
SUPERIOR BP,2535 SUPERIOR AVE E,CLEVELAND,44114,39446,62698.5,102144.5,,
WASKOS MARATHON,8177 BRECKSVILLE RD,BRECKSVILLE,44141,31374,70626,102000,,
TIME WARP BAR AND GRILL,26261 CENTER RIDGE RD,WESTLAKE,44145,0,101742,101742,,
TICK TOCK TAVERN,11526 CLIFTON BLVD,CLEVELAND,44102,350,100961,101311,,
SUNOCO #17 HOP0IN FOOD MART,1890 SOM CENTER RD,MAYFIELD HEIGHTS,44124,45600,55201,100801,,
70ELEVEN #36725,30812 DETROIT RD,WESTLAKE,44145,46000,54646,100646,,
LINDA'S SUPERETTE,2716 DETROIT AVE,CLEVELAND,44113,44364,56035,100399,,
FEDERAL BEVERAGE,3717 PAYNE AVE,CLEVELAND,44114,25564,74764,100328,,
K.C' S BAR & GRILLE,4967 DOVER CENTER RD,NORTH OLMSTED,44070,0,100323.5,100323.5,,
70ELEVEN #17481,16165 HILLIARD RD,LAKEWOOD,44107,61900,38418.5,100318.5,,
JR' S MINI MART,14910 LORAIN AVENUE,CLEVELAND,44111,49650,50647.5,100297.5,,
TRUE NORTH #371,20 PROSPECT ST,BEREA,44017,58550,41335,99885,,
SPEEDWAY #3697,630 COLUMBIA RD,BAY VILLAGE,44140,49850,50012.5,99862.5,,
NADIAS FOOD MARKET,3643 E116TH ST,CLEVELAND,44105,17714,81920.5,99634.5,,
FAIRVIEW CLARK GAS STATION,22492 BROOKPARK RD,FAIRVIEW PARK,44126,54735,44708.5,99443.5,,
Q'S GAS & GO,4322 CLARK AVE,CLEVELAND,44109,49870,49545.5,99415.5,,
NEW WAVE MARKET AND DELI,12702 LORAIN AVE,CLEVELAND,44111,57255,41778.5,99033.5,,
220 TAVERN COMPANY,22001 BROOKPARK RD,FAIRVIEW PARK,44126,17771,81253,99024,,
70ELEVEN #36217,22311 LAKE SHORE BLVD,CLEVELAND,44123,43794,55081,98875,,
PEANUT BAR,8401 DENSION AVE,CLEVELAND,44102,4050,94756.5,98806.5,,
SHADOWS ,6699 W 130 ST,PARMA HEIGHTS,44130,1948,96539.5,98487.5,,
MADISON 89 DELI,8901 MADISON AVE,CLEVELAND,44102,40481,57881.5,98362.5,,
RENAISSANCE SHOP,1350 EUCLID AVE UNIT 1C,CLEVELAND,44115,54698,43634,98332,,
SEVEN HILLS TAVERN,7265 BROADVIEW RD,SEVEN HILLS,44131,0,98122.5,98122.5,,
DINA'S PIZZA & PUB,5701 MEMPHIS AVE,CLEVELAND,44144,0,97912.5,97912.5,,
GET GO #3228,6477 SOM CENTER RD,SOLON,44139,31627,65787.5,97414.5,,
70ELEVEN #36214,4591 RICHMOND RD,WARRENSVILLE HEIGHTS,44128,33723,63186.5,96909.5,,
TRUE NORTH #353,7515 BROADVIEW RD,SEVEN HILLS,44131,52950,43741.5,96691.5,,
THE OFFICE,8800 PEARL RD,STRONGSVILLE,44136,0,96554,96554,,
BILO'S BAR & GRILL,14751 PEARL RD,STRONGSVILLE,44136,0,96542,96542,,
SPEEDWAY #3530,5810 STATE RD,PARMA,44134,67640,28808,96448,,
SIMPLY FOOD,1807 E 12TH  ST,CLEVELAND,44114,34490,61839.5,96329.5,,
70ELEVEN #36736,7510 BROADVIEW RD,PARMA,44134,57090,39170,96260,,
BP #281,14043 STATE RD,NORTH ROYALTON,44133,63000,32931,95931,,
HOMETOWN GROCERY,5611 WOODLAND AVE,CLEVELAND,44104,43324,52600.5,95924.5,,
FRANKS BEVERAGE,12717 WOODSIDE AVE,CLEVELAND,44108,16341,79525,95866,,
MCCLAIN'S MARKET,3337 CENTRAL AVE,CLEVELAND,44115,15384,80365,95749,,
SUNOCO #15 HOP0IN FOOD MART,5270 WARRENSVILLE CENTER RD,CLEVELAND,44137,25317,70335.5,95652.5,,
RED ROSE CAFE,14810 MADISON AVE,LAKEWOOD,44107,1784,93752,95536,,
FRECKS ,11143 SUPERIOR AVE,CLEVELAND,44106,0,95470,95470,,
STATE ROAD TAVERN,5221 STATE RD,PARMA,44134,0,95379,95379,,
AMERICAN LEGION POST #572,6483 STATE RD ,CLEVELAND,44134,0,95154,95154,,
SHAKERS TAVERN,2350 BROOKPARK RD,CLEVELAND,44134,0,94943.5,94943.5,,
ALESCI'S,4333 MAYFIELD RD,SOUTH EUCLID,44121,40400,53427.5,93827.5,,
JOCKOS BAR & GRILL,1100 W ROYALTON RD,BROADVIEW HTS,44147,19629,74188.5,93817.5,,
RO'MAE MINI MART,5105 WARRENSVILLE CTR RD,MAPLE HEIGHTS,44137,17395,76388.5,93783.5,,
RITE AID #3043,10090 CHESTER AVE,CLEVELAND,44106,65050,28679,93729,,
AMANA MY WAY DELI,12401 CORLETTE AVE,CLEVELAND,44105,24679,69012.5,93691.5,,
FAIRFIELD FOOD MARKET,1027 FAIRFIELD AVE,CLEVELAND,44113,29834,63815.5,93649.5,,
55 CONVENIENT MART,55 PUBLIC SQ,CLEVELAND,44113,33701,59919.5,93620.5,,
MT CARMEL MARKET,11007 MT CARMEL,CLEVELAND,44104,21966,71585.5,93551.5,,
DISCOUNT DRUG MART #84,13919 PROSPECT RD,STRONGSVILLE,44149,65505,27854.5,93359.5,,
EDDIE BEVERAGE,2236 W 103RD ST,CLEVELAND,44102,37181,56024.5,93205.5,,
VALLEY TAVERN OF VALLEY VIEW,5907 CANAL RD,VALLEY VIEW,44125,0,93153,93153,,
BUNKER BAR & GRILL,6824 BUNKER RD,N ROYALTON,44133,0,92348,92348,,
ART'S PUB,22290 LORAIN RD,FAIRVIEW PARK,44126,0,92174,92174,,
SAM'S FOOD MARKET,6632 ST CLAIR AVE,CLEVELAND,44103,17770,74074.5,91844.5,,
DOWNTOWN LIQUOR,1303 W 6TH ST,CLEVELAND,44113,28971,62788.5,91759.5,,
DISCOUNT DRUG MART #82,765 ALPHA DR,HIGHLAND HTS,44143,41008,50454.5,91462.5,,
PARKWOOD FOOD,1077 PARKWOOD DR,CLEVELAND,44108,11761,79153,90914,,
CLARK CONVENIENT,3017 BROOKPARK RD,PARMA,44134,59848,30671.5,90519.5,,
EAST 185TH MARATHON,1201 E 185TH ST,CLEVELAND,44119,26050,64364,90414,,
MIKES BEVERAGE,5275 BROADWAY AVE,CLEVELAND,44127,34163,56058.5,90221.5,,
70ELEVEN #36740,4282 MONTICELLO BLVD,SOUTH EUCLID,44121,23250,66534.5,89784.5,,
FOXS SPORTS BAR & GRILLE,5345 MAYFIELD RD,LYNDHURST,44124,1600,88166,89766,,
BJ'S WHOLESALE CLUB #124,6944 W 130TH ST,MIDDLEBURG HEIGHTS,44130,74400,15343,89743,,
CLEATS STRONGSVILLE ,15147 PEARL RD,STRONGSVILLE,44136,0,89568.5,89568.5,,
SUNOCO # 9 HOP0IN FOOD MART,910 E 185TH ST,CLEVELAND,44119,54754,34116,88870,,
1900 FOOD & BEVERAGE,1846 EUCLID AVE,CLEVELAND,44115,36832,51767,88599,,
FACES LOUNGE,26006 BROADWAY AVE,OAKWOOD VILLAGE,44146,8250,80278.5,88528.5,,
PEARL ROAD TAVERN & EATERY,4370 PEARL RD,OLD BROOKLYN,44109,0,88506,88506,,
BP #246,10202 LORAIN AVE,CLEVELAND,44111,46833,40326,87159,,
CONVENIENCE ONE,14913 EUCLID AVE,EAST CLEVELAND,44112,20580,66391.5,86971.5,,
DOC & LOUIE'S BAR & GRILLE,24280 LORAIN RD,NORTH OLMSTED,44070,0,86830.5,86830.5,,
SEAWAY GAS & PETROLEUM,1690 COLUMBUS RD,CLEVELAND,44113,19148,67635,86783,,
VICTORY LAP CAFE,6422 STORER  AVE,CLEVELAND,44102,2850,83743.5,86593.5,,
IMPERIAL BEVERAGE & DELI,12301 IMPERIAL AVE ,CLEVELAND,44120,18665,67462.5,86127.5,,
CONVENIENCE ONE #4454,7118 UNION AVE,CLEVELAND,44105,25510,60166,85676,,
FIRST STREET DELI,3671 E 131ST ST,CLEVELAND,44120,8575,76970,85545,,
70ELEVEN #36232,34050 AURORA RD,SOLON,44139,26766,58691,85457,,
BP #242,4774 E ROYALTON RD,BROADVIEW HEIGHTS,44147,50733,34265.5,84998.5,,
SUNOCO #15 HOP0IN FOOD MART,5270 WARRENSVILLE CENTER RD,MAPLE HEIGHTS,44137,24474,60350,84824,,
WEST PARK PANINI'S,17209 LORAIN AVE,CLEVELAND,44111,0,84598,84598,,
CONVENIENT FOOD MART,9815 MADISON AVE,CLEVELAND,44102,32773,51602,84375,,
GRANGER MARATHON,14196 GRANGER ROAD,MAPLE HEIGHTS,44137,32968,51359,84327,,
CIRCLE K #5501,26003 BROADWAY AVE,OAKWOOD VILLAGE,44146,37230,47037,84267,,
CONVENIENT FOOD MART  #3068,7205 LORAIN AVE ,CLEVELAND,44102,48628,35455,84083,,
SHRIMP BOAT LIQUOR,14708 EUCLID AVE,EAST CLEVELAND,44112,13609,70410.5,84019.5,,
MAPLE GROVE INN,14832 PEASE RD,MAPLE HEIGHTS,44137,0,83849,83849,,
FERGIE'S PLACE,5587 RIDGE RD,PARMA,44129,0,83826.5,83826.5,,
70ELEVEN #36746,4901 FLEET AVE,CLEVELAND,44105,31400,52384,83784,,
PARK AVENUE CONVENIENCE,4155 E 71 STREET,CLEVELAND,44105,37471,46288.5,83759.5,,
STATION 43 TAVERN,39910 AURORA RD,SOLON,44139,0,83524.5,83524.5,,
MYRON'S DELI,2256 LEE RD,CLEVELAND HEIGHTS,44118,26516,56925.5,83441.5,,
82ND STREET GRILL & PUB,6031 ROYALTON RD,NORTH ROYALTON,44133,0,83384,83384,,
BIDDULPH BEVERAGE,6980 BIDDULPH RD,BROOKLYN,44144,42304,40935.5,83239.5,,
CITY CLUB RESTAURANT & LOUNGE,25905 LORAIN RD,NORTH OLMSTED,44070,1050,81799.5,82849.5,,
DETROIT BEVERAGE,5009 DETROIT AVE,CLEVELAND,44102,49030,33524.5,82554.5,,
TOWER FOOD MART,4519 BUSH AVE.,CLEVELAND,44109,35848,46650.5,82498.5,,
THROWBACKS,16612 LORAIN AVE,CLEVELAND,44111,0,81910,81910,,
RANDALL GAS,4889 NORTHFIELD RD,NORTH RANDALL,44128,20412,61429,81841,,
70ELEVEN #36739,25466 DETROIT RD,WESTLAKE,44145,38000,43778,81778,,
RICHLAND CAFE,14027 MADISON AVE,LAKEWOOD,44107,0,81772,81772,,
JAY'S MARKET,3203 W 25TH ST,CLEVELAND,44109,30800,50860,81660,,
JACK SPRATT,4323 PAYNE AVE,CLEVELAND,44103,27930,53607,81537,,
DISCOUNTS R US,2559 E 55TH ST,CLEVELAND,44104,31340,50050.5,81390.5,,
ARCADE CONVENIENT STORE,401 EUCLID AVE STE 50,CLEVELAND,44114,31254,49867,81121,,
MAYFIELD SMOKE SHOP,12307 MAYFIELD RD,CLEVELAND,44106,24345,56457.5,80802.5,,
GOOD OLDE DAZE,6001 STATE RD,PARMA,44134,0,80746,80746,,
CLOVERLEAF COCKTAIL LOUNGE,5619 BRECKSVILLE RD,INDEPENDENCE,44131,5900,74117.5,80017.5,,
GET GO #3388,7418 BROADVIEW RD,PARMA,44134,49500,30407.5,79907.5,,
2ND FLOOR LOUNGE,24532 LORAIN AVE,NORTH OLMSTED,44070,0,79850,79850,,
BP #252,2801 MAYFIELD RD,CLEVELAND HEIGHTS,44118,28898,50751,79649,,
BP BABBITT ,24310 LAKELAND BLVD,EUCLID,44132,26668,52968.5,79636.5,,
CLEVELAND DELI & BEVERAGE,14939 PURITAS AVE,CLEVELAND,44135,36513,43076.5,79589.5,,
VERONA'S BEER & WINE,22031 LORAIN RD,FAIRVIEW PARK,44126,47492,32076,79568,,
FOOD DEAL,5166 LEE RD,MAPLE HEIGHTS,44137,14851,63658.5,78509.5,,
RAMBLE INN SALOON,8151 BROADVIEW RD,BROADVIEW HEIGHTS,44147,0,77828,77828,,
MIKES PASTRY HOUSE & DELI,"530 SUPERIOR AVE, LEADER BUILDING",CLEVELAND,44114,24262,53361,77623,,
DENISON FOOD MART,9410 DENISON AVE,CLEVELAND,44102,50281,27167,77448,,
THE RUSTY BARREL,27026 CENTER RIDGE RD,WESTLAKE,44145,0,76874.5,76874.5,,
RIVIERA BEVERAGE & DELI,23820 MILES RD,BEDFORD HTS,44128,12117,64558,76675,,
EUCLID FOODS,12920 EUCLID AVE,EAST CLEVELAND,44112,15576,60872.5,76448.5,,
AVENUE DELI,11006 DETROIT AVE,CLEVELAND,44102,42994,33245,76239,,
DI STEFANO'S AUTHENTIC ITALIAN FOOD,5600 HIGHLAND RD,HIGHLAND HEIGHTS,44143,33154,42644,75798,,
WERK BAR & GRILL,7104 BIDDULPH RD,BROOKLYN,44144,0,75763,75763,,
CLEATS NORTH ROYALTON,5267 WALLINGS RD,NORTH ROYALTON,44133,0,75652.5,75652.5,,
SUNSHINE SQUARE DEAL,4595 WARNER RD,CLEVELAND,44105,28628,46574,75202,,
BALTIC CLIFTON SHELL,9510 BALTIC AVE,CLEVELAND,44102,41439,33083,74522,,
BRICK HOUSE BAR & GRILL,5504 HARVARD AVE,CLEVELAND,44105,0,74425,74425,,
BP #255,11250 GRANGER RD,GARFIELD HEIGHTS,44125,39150,35067,74217,,
PARMA TOBACCO OUTLET,5337 BROADVIEW RD,PARMA,44134,42143,32053,74196,,
REXALL DISCOUNT,9807 LORAIN AVE,CLEVELAND,44102,34927,39176,74103,,
SUNOCO #17 HOP IN FOOD MART,1890 SOM CENTER RD,MAYFIELD HEIGHTS,44124,36500,37595,74095,,
MR C'S II,5816 SUPERIOR AVE,CLEVELAND,44103,24263,49778.5,74041.5,,
MINOTTI'S ROCKY RIVER WINE & LIQUOR,19831 DETROIT RD,ROCKY RIVER,44116,37459,36505,73964,,
BROOKPARK SMOKES & BEVERAGES,5705 SMITH RD,BROOK PARK,44142,47329,26345,73674,,
MARATHON,27645 LORAIN RD,NORTH OLMSTED,44070,43034,30228.5,73262.5,,
MOONLIGHT TAVERN,6174 BROADVIEW RD,PARMA,44134,0,73136,73136,,
TRUE NORTH #365,23385 LORAIN RD,NORTH OLMSTED,44070,48300,24714.5,73014.5,,
OMAR'S DOLLAR MAX BEAUTY SUPPLY,14939 ST CLAIR AVE,CLEVELAND,44110,24334,48211,72545,,
NIELSENS STORES #18,101 PROSPECT AVE,CLEVELAND,44114,32485,39904.5,72389.5,,
WAREHOUSE BEVERAGE,4364 MAYFIELD RD,SOUTH EUCLID,44121,15601,56574.5,72175.5,,
70ELEVEN #36741,14718 MADISON AVE,LAKEWOOD,44107,39350,32742,72092,,
YOUR SNACK SHACK,14300 KINSMAN AVE,CLEVELAND,44120,14567,57386.5,71953.5,,
DISCOUNT CIGARETTE MART,5323 BROADVIEW RD,PARMA,44134,43736,28106.5,71842.5,,
SHELL FAMILY FOODS EXPRESS,19300 HILLIARD BLVD,ROCKY RIVER,44116,39271,32497,71768,,
BP #291,15150 SNOW RD,BROOK PARK,44142,32850,38871,71721,,
BP #258,25295 LORAIN RD,NORTH OLMSTED,44070,36300,35352,71652,,
J & S FOOD MART,3519 W 117TH ST,CLEVELAND,44111,38740,32599.5,71339.5,,
70ELEVEN #36237,1035 E 185TH ST,CLEVELAND,44119,21507,49817.5,71324.5,,
DURTY NELLYS,1151 W PLEASANT VALLEY RD,PARMA,44134,0,71198.5,71198.5,,
HOPP INN,4896 PEARL RD,CLEVELAND,44109,3086,68080.5,71166.5,,
WEST PARK STATION,17015 LORAIN AVE,CLEVELAND,44111,0,70954.5,70954.5,,
QUICK STATE LIQUOR,5945 SMITH RD,BROOK PARK,44142,45937,24982,70919,,
JACKS SPORTS BAR & GRILL,4030 MAYFIELD RD,SOUTH EUCLID,44121,0,70601,70601,,
CLEVELAND FOOD MARKET,5601 CLARK AVE,CLEVELAND,44102,45806,24789,70595,,
F & D GAS,3742 FULTON AVE,CLEVELAND,44109,34056,36536.5,70592.5,,
ROYAL PARK FINE WINE,12770 ROYALTON RD,NORTH ROYALTON,44133,37842,32624.5,70466.5,,
NORTHEAST VIDEO,5705 FRANCIS AVE,CLEVELAND,44127,29557,40881,70438,,
BP #263 ,13165 LARCHMERE RD,SHAKER HEIGHTS ,44120,12558,57809,70367,,
CENTRAL RX PHARMACY AND MEDICAL SUP,2475 E 22ND ST,CLEVELAND,44115,20896,49370.5,70266.5,,
70ELEVEN #36731,3735 FULTON RD,CLEVELAND,44109,38050,31836,69886,,
ZIGGY' S PRODUCE AND FARM MARKET,4641 BROADVIEW RD,CLEVELAND,44109,27773,42103,69876,,
MARIA'S FAMILY RESTAURANT,22404 LAKE SHORE BLVD,EUCLID,44123,22250,47134.5,69384.5,,
70ELEVEN #36735,6585 RIDGE RD,PARMA,44129,37080,31789.5,68869.5,,
H & E MONEY EXCHANGE,3224 EUCLID AVE,CLEVELAND,44115,26893,41834,68727,,
MINI MART EXPRESS,4852 BROADVIEW RD,CLEVELAND,44109,37228,31095.5,68323.5,,
MIKES BEVERAGE,5275 BROADWAY,CLEVELAND,44127,18658,49570,68228,,
LAKE ROAD EXPRESS,19933 LAKE RD,ROCKY RIVER,44116,40608,27554,68162,,
CONSTANTINO'S MARKET UPTOWN,11451 EUCLID AVE,CLEVELAND,44106,24580,43564,68144,,
70ELEVEN #36732,4161 W 150TH,CLEVELAND,44135,32200,35854.5,68054.5,,
AMERICAN FOOD MARKET,2603 WOODHILL RD,CLEVELAND,44104,15487,52500,67987,,
ROCKIES,9208 DETROIT AVE,CLEVELAND,44102,0,67986,67986,,
NIELSENS STORES #16,1801 E 9TH ST,CLEVELAND,44114,31318,36263.5,67581.5,,
TRADESMAN TAVERN,5746 STATE RD,PARMA,44134,0,67344,67344,,
RONS MINI MART,4382 W 130 ST,CLEVELAND,44135,25938,40942.5,66880.5,,
CLARK OIL,7910 HARVARD AVE,CLEVELAND,44105,29324,37162,66486,,
MACS CITGO,1828 S TAYLOR RD,CLEVELAND HEIGHTS,44118,24443,42008,66451,,
BP #243,3065 W 117TH ST,CLEVELAND,44111,27807,38568,66375,,
DRIVE THRU BEVERAGE,7177 W 130TH ST,PARMA HEIGHTS,44130,42612,23460.5,66072.5,,
M & I DELI,2288 E 55TH ST,CLEVELAND,44103,15489,50577.5,66066.5,,
POUNDERS BAR AND GRILL,6370 YORK RD,PARMA HEIGHTS,44130,0,65634.5,65634.5,,
ROYALVIEW DELI & BEVERAGE,9255 BROADVIEW RD,BROADVIEW HEIGHTS,44147,32187,33422,65609,,
PLEASANT VALLEY SHELL,10602 W PLEASANT VALLEY RD,PARMA,44130,46899,18685,65584,,
LAST STOP INN,6200 STATE RD,PARMA,44134,0,65380,65380,,
BP #285 ,20420 CHAGRIN BLVD,CLEVELAND,44122,23265,41705.5,64970.5,,
CONVENIENT FOOD MART #370,9105 DENISON AVE,CLEVELAND,44102,45818,19062.5,64880.5,,
CHAGRIN CIGARS,48 SHOPPING PLAZA,CHAGRIN FALLS,44022,21300,43250.5,64550.5,,
P V EURO MARKET,4805 W PLEASANT VALLEY RD,PARMA,44129,21409,42582,63991,,
NELA PARK DELI,2147 NOBLE RD,EAST CLEVELAND,44112,13975,49961,63936,,
GAS N GO,3474 W 25TH ST,CLEVELAND,44109,23700,39470.5,63170.5,,
HOUSE OF BLUES ,26191 EUCLID AVE,EUCLID,44132,0,63006.5,63006.5,,
MICKEY'S RIVER MARKET,1199 ADDISON RD,CLEVELAND,44103,7425,55571,62996,,
NEIGHBORHOOD MARKET,9911 MILES AVE,CLEVELAND,44105,19824,43056.5,62880.5,,
GUS FOOD MART,12717 WOODSIDE AVE,CLEVELAND,44108,17014,45653,62667,,
RUSH INN BAR & GRILLE,17800 DETROIT AVE,LAKEWOOD,44107,0,62199,62199,,
CAVALIERS OPERATIONS,1 CENTER CT,CLEVELAND,44115,53787,8373,62160,,
ERIE TAVERN,5393 ST CLAIR AVE,CLEVELAND,44103,8584,53529.5,62113.5,,
YORKTOWN LANES,6218 PEARL RD,PARMA HEIGHTS,44130,28696,33172,61868,,
ROCKY RIVER SUNMART,20045 LAKE RD,ROCKY RIVER,44116,26277,35306,61583,,
HEIGHTS DELI & BEVERAGES,2879 MAYFIELD RD,CLEVELAND HEIGHTS,44118,17387,43823,61210,,
70ELEVEN #36231,16625 ROYALTON RD,STRONGSVILLE,44136,32583,28430.5,61013.5,,
RITE AID #1570,6512 FRANKLIN BLVD,CLEVELAND,44102,48616,12283,60899,,
A & M FOOD MART,25600 AURORA RD,BEDFORD HEIGHTS,44146,22819,38077.5,60896.5,,
BARKING BULLFROG ,19616 W 130TH,STRONGSVILLE,44136,0,60792,60792,,
CHUCKS PLACE,3830 ST CLAIR AVE,CLEVELAND,44114,0,60555.5,60555.5,,
SHAMROCK TAVERN & RESTAURANT,11922 MADISON AVE,LAKEWOOD,44107,0,60385,60385,,
MAD MIKE'S BAR & GRILLE,5045 TURNEY RD,GARFIELD HEIGHTS,44125,0,59991,59991,,
THE CLEVELANDER,834 HURON RD,CLEVELAND,44115,0,59706,59706,,
NEW SUNRISE FOOD MART,4757 LORAIN AVE,CLEVELAND,44102,25314,34251.5,59565.5,,
FANOOSE'S,15275 BROOKPARK RD,BROOK PARK,44142,3917,55554.5,59471.5,,
BP #257,23425 LORAIN RD,NORTH OLMSTED,44070,44244,15225.5,59469.5,,
CRICKET TAVERN,4129 E 49TH ST,CLEVELAND,44105,15789,43529,59318,,
BP #261,19400 HIILLIARD BLVD,ROCKY RIVER,44116,28750,30274,59024,,
JOHNNY MALLOY'S,15323 PEARL RD,STRONGSVILLE,44136,0,58981.5,58981.5,,
MR GEES BAR & GRILL,593 BROADWAY AVE,BEDFORD,44146,3201,55210,58411,,
BAGLEY & I 71 SHELL,17777 BAGLEY RD,PARMA HEIGHTS,44130,27731,30625,58356,,
NOLAN'S BAR,14206 LORAIN AVE,CLEVELAND,44111,0,58123.5,58123.5,,
NIELSON'S STORES #7,600 SUPERIOR BANK ONE CENTER,CLEVELAND,44114,33152,24852,58004,,
BJ'S WHOLESALE CLUB #122,4365 RICHMOND RD,WARRENSVILLE HEIGHTS,44122,26447,31372,57819,,
CORVETTE LOUNGE,22916 LORAIN RD,FAIRVIEW PARK,44126,0,57560.5,57560.5,,
MINOTTIS BAY VILLAGE WINE & LIQUOR,27313 WOLF RD,BAY VILLAGE,44140,17659,39797,57456,,
THE ROOM LOUNGE,12929 SUPERIOR AVE,EAST CLEVELAND,44112,0,57370.5,57370.5,,
MARS BAR,15314 MADISON AVE,LAKEWOOD,44107,0,57226,57226,,
MINOTTIS WINE & LIQUOR,30664 DETROIT RD,WESTLAKE,44145,27924,28967,56891,,
WEBB FOOD MART,17796 DETROIT AVE,LAKEWOOD,44107,40443,16390,56833,,
SECRETS,12820 BROOKPARK RD,CLEVELAND,44130,0,56761.5,56761.5,,
MISTER B'S IRISH PUB & EATERY,6887 W 130TH ST,PARMA HEIGHTS,44130,0,56488,56488,,
ROWLEY INN,1104 ROWLEY AVE,CLEVELAND,44109,0,56442.5,56442.5,,
70ELEVEN #36219,120 BROADWAY,BEDFORD,44146,16332,39977.5,56309.5,,
K & K PORTAGE MARKET,3364 WARREN RD,CLEVELAND,44111,29572,26056.5,55628.5,,
FRED'S DELI,11119 DETROIT AVE,CLEVELAND,44102,13452,41939,55391,,
PARMA LODGE 1744,7010 BROADVIEW RD,PARMA,44134,0,55098.5,55098.5,,
MIKE'S FOOD MART,3850 E 65TH ST,CLEVELAND,44105,28286,26696,54982,,
MARTY'S COFFEE SHOP,1 W LAKESIDE AVE,CLEVELAND,44113,18688,35768,54456,,
TJS BUTCHER BLOCK & DELI,14415 DETROIT AVE,LAKEWOOD,44107,29685,24181,53866,,
EAST 143RD FOOD MARKET,3249 E 143RD ST,CLEVELAND,44120,22095,31755.5,53850.5,,
SCOUNDRELS BAR AND GRILL,826 FRONT ST,BEREA,44017,6884,46906,53790,,
SPRAGUE BEVERAGE,25222 SPRAGUE RD,OLMSTED FALLS,44138,36589,17125.5,53714.5,,
FUEL MART #701,7225 NORTHFIELD RD,WALTON HILLS,44146,30582,23119,53701,,
CHILLIES 1,6029 SUPERIOR AVE,CLEVELAND,44103,18535,35161.5,53696.5,,
WEST 65TH ST BEVERAGE & DELI,1871 W 65TH ST,CLEVELAND,44102,34930,18496.5,53426.5,,
TOM' S FOOD MART,8202 DENISON AVE,CLEVELAND,44102,27700,25566,53266,,
KAMIN'S,1900 E 9TH ST 1ST FL,CLEVELAND,44114,20770,32199.5,52969.5,,
THE FLYING RIB,11926 MADISON AVE,LAKEWOOD,44107,0,52917.5,52917.5,,
MAPLETOWN BI RITE,15870 BROADWAY AVE,MAPLE HEIGHTS,44137,17157,35665.5,52822.5,,
RITE AID #3053,5795 STATE RD,PARMA,44134,50493,2301,52794,,
GREENS LINWOOD DELI,7038 LINWOOD AVE,CLEVELAND,44103,13125,39087,52212,,
TARGET FOOD MART,3225 W 73RD ST,CLEVELAND,44102,37196,14989.5,52185.5,,
KMART #4257 ,17840 BAGLEY RD ,MIDDLEBURG HEIGHTS,44130,38958,13046,52004,,
CEDAR GREEN WINE & CHEESE,2179 S GREEN RD,SOUTH EUCLID,44121,11846,40126.5,51972.5,,
WESTLAKE SUNOCO,27179 DETROIT RD,WESTLAKE,44145,35605,16235.5,51840.5,,
S AND R MARKET,9901 LORETTA AVE,CLEVELAND,44102,24743,26823.5,51566.5,,
BUCKEYE LANES,24488 LORAIN RD,NORTH OLMSTED,44070,48679,2690,51369,,
W & W FOOD,1411 E 105TH ST,CLEVELAND,44106,9498,41576,51074,,
BREW GARDEN,18590 BAGLEY RD,MIDDLEBURG HEIGHTS,44130,0,50649,50649,,
THE ORIOLE CAFE,294 N ROCKY RIVER DR,BEREA,44017,0,50627,50627,,
EUCLID C0STORE,25451 EUCLID AVE,EUCLID,44117,13597,36996,50593,,
SUPERIOR FOOD & DELI,12420 SUPERIOR AVE,CLEVELAND,44106,9195,41270,50465,,
ROSELAND LANES,26383 BROADWAY AVE,OAKWOOD VILLAGE,44146,26129,23460.5,49589.5,,
HANDLE BAR,24951 AURORA RD,BEDFORD HEIGHTS,44146,0,49571,49571,,
BP #248,14008 LORAIN AVE,CLEVELAND,44111,26958,22451.5,49409.5,,
KMART #3589,14901 LORAIN AVE,CLEVELAND,44111,38200,10812.5,49012.5,,
TRUE NORTH #345,21920 MILES RD,NORTH RANDALL,44128,13813,34801.5,48614.5,,
WRIGHT ON TIME TAKE0OUT,17214 GROVEWOOD AVE,CLEVELAND,44119,10871,37279,48150,,
BP #250,2701 CHESTER AVE,CLEVELAND,44114,22168,25526.5,47694.5,,
FRANKLIN DELI & BEVERAGE ,4719 FRANKLIN ,CLEVELAND,44102,17843,29768.5,47611.5,,
EXECUTIVE DEN LOUNGE,19600 S WATERLOO RD,CLEVELAND,44119,0,47310,47310,,
IX CENTER CORPORATION,6200 RIVERSIDE DR,CLEVELAND,44135,40712,6582,47294,,
SMOKE WORLD,6493 PEARL RD,PARMA HEIGHTS,44130,31464,15737,47201,,
PM GAS,5837 PEARL RD,PARMA HTS,44130,26952,20138.5,47090.5,,
FIREHOUSE SPORTS BAR AND GRILLE,8611 RIDGE RD,NORTH ROYALTON,44133,0,47056.5,47056.5,,
70ELEVEN #36737,5206 STATE RD,CLEVELAND,44134,24650,22379,47029,,
70ELEVEN #36745,29755 CLEMENS RD,WESTLAKE,44145,21450,25436.5,46886.5,,
GARDEN VALLEY SHOP ,3135 E 79TH ST,CLEVELAND,44104,8878,37943,46821,,
RITE SHOP,14053 LORAIN AVE,CLEVELAND,44111,24094,22692,46786,,
RITE AID #3091,14701 PEARL RD,STRONGSVILLE,44136,38223,8552,46775,,
BP AM PM,4006 LEE RD,CLEVELAND,44128,11033,35631,46664,,
FRAGAPANE BAKERIES,28625 LORAIN RD,NORTH OLMSTED,44070,21954,24684,46638,,
LAKEWOOD VILLAGE TAVERN,13437 MADISON AVE,LAKEWOOD,44107,0,46632,46632,,
MURPHYS ALE HOUSE,7503 GRANGER RD,VALLEY VIEW,44125,0,46559,46559,,
MCCLAINS MARKET II,3904 MARTIN LUTHER KING DR,CLEVELAND,44105,3798,42730,46528,,
MCCARTHYS ALE HOUSE,13339 PEARL RD,STRONGSVILLE,44136,0,46433,46433,,
CHARLIE'S RESTAURANT,2102 BROOKPARK RD,CLEVELAND,44134,35653,10470,46123,,
MOUNTAIN TOP DELI,11545 MT CARMEL AVE,CLEVELAND,44104,2872,43044.5,45916.5,,
ZIG'S PUB & GRILL,1854 SNOW RD,PARMA,44134,0,45863.5,45863.5,,
MILL TAVERN,5547 WILSON MILLS,HIGHLAND HEIGHTS,44143,1700,44056.5,45756.5,,
QUITE BOBS BAR & GRILL,4625029 W 130TH,CLEVELAND,44135,0,45626,45626,,
PAT'S AUTO SERVICE,19415 DETROIT RD,ROCKY RIVER,44116,16574,28958,45532,,
DIANA BAKERS DINER,3380 W 46TH ST,CLEVELAND,44102,34846,10373,45219,,
SOUTH TAYLOR CORNER DELI,2064 S TAYLOR,CLEVELAND HEIGHTS,44118,9038,36146.5,45184.5,,
HIGHLAND SQUARE TAVERN,11634 MADISON AVE,CLEVELAND,44102,0,45060,45060,,
PRIME GAS,3580 RIDGE RD,BROOKLYN,44102,23279,21689,44968,,
Q'S GAS AND GO,3585 W 117TH ST,CLEVELAND,44111,15300,29203.5,44503.5,,
CLARK MART ,3726 CLARK AVE,CLEVELAND,44109,29027,15059,44086,,
WESTPARK VILLAGE TAVERN,15715 LORAIN AVE,CLEVELAND,44111,0,44026.5,44026.5,,
TURNEY TOWN SHELL,5095 TURNEY RD,GARFIELD HEIGHTS,44125,13131,30647.5,43778.5,,
GREAT SCOTT'S MARKET & DELI,2216 WOOSTER RD,ROCKY RIVER,44116,26203,17297.5,43500.5,,
WATERLOO GAS & GO,15222 WATERLOO RD,CLEVELAND,44110,15230,28075.5,43305.5,,
BROADWAY DELI,4643 BROADWAY AVE,CLEVELAND,44127,7780,35376.5,43156.5,,
PLAYMAKERS SPORTS GRILLE,9729 GRANGER ROAD,GARFIELD HEIGHTS,44125,0,43087,43087,,
MR V'S CONVENIENCE,15310 KINSMAN AVE,CLEVELAND,44120,2918,39984.5,42902.5,,
IRISH KEVINS,13601 DETRIOT AVE ,LAKEWOOD,44107,0,42848,42848,,
DOLLOFF CONVENIENCE,5346 DOLLOFF RD,CLEVELAND,44127,9550,32947.5,42497.5,,
TONY'S DELI,3264 SCRANTON RD,CLEVELAND,44109,19529,22586,42115,,
OLYMPIA CANDIES,11606 PEARL RD,STRONGSVILLE,44136,17572,24521.5,42093.5,,
JOHNNY MALLOY SPORTS BAR,4350 MAYFIELD RD ,SOUTH EUCLID,44121,0,41964,41964,,
MORELAND HILL AUTO SERVICE,4975 SOM CENTER RD,MORELAND HILLS,44022,18810,22315,41125,,
JROYS LOUNGE,21300 LIBBY RD,MAPLE HTS,44137,2390,38391.5,40781.5,,
ALEXANDRIA MARKET,7602 MADISON AVE,CLEVELAND,44102,24797,15847,40644,,
TW0 BUCKS,24108 LORAIN RD,NORTH OLMSTED,44070,0,40615,40615,,
CORENO'S VIDEO,3525 W 130TH ST,CLEVELAND,44111,14094,26329.5,40423.5,,
VENTURE INN,8602 GARFIELD BLVD,GARFIELD HEIGHTS,44125,0,40418.5,40418.5,,
THE FROSTY BEAVER SALOON,13334 LORAIN AVE,CLEVELAND,44111,969,39439.5,40408.5,,
BONKERS CAFE,5145 TURNEY RD,GARFIELD HEIGHTS,44125,0,40254,40254,,
RITE AID #3148,2323 BROADVIEW RD,CLEVELAND,44109,32620,7006,39626,,
BP #275,1700 BROOKPARK RD,CLEVELAND,44109,27276,12071.5,39347.5,,
MR PEABODY'S PUB,4967 PEARL RD,CLEVELAND,44109,0,39245,39245,,
MICHAEL'S FAMILY RESTAURANT,19797 DETROIT AVE,ROCKY RIVER,44116,20057,19148,39205,,
70ELEVEN #36733,8200 COLUMBIA RD,OLMSTED FALLS,44138,17100,21929,39029,,
TWO BUCKS,18336 BAGLEY RD,MIDDLEBURG HEIGHTS,44130,0,38847.5,38847.5,,
NUMBER ONE LOUNGE,5555 RIDGE RD,PARMA,44129,0,38368,38368,,
BP #270,10300 BROOKPARK RD,CLEVELAND,44130,23926,13843.5,37769.5,,
MAC' S LOCK SHOP,15702 WATERLOO RD,CLEVELAND,44110,6795,30729,37524,,
70ELEVEN #36726,1700 BROOKPARK RD,CLEVELAND,44109,12150,24954.5,37104.5,,
OHIO CITY BEVERAGE,1822 W 25TH ST,CLEVELAND,44113,11268,25816,37084,,
NIKOS BAR & GYROS,12766 N ROYALTON ,NORTH ROYALTON,44133,0,36940,36940,,
ROYAL PARK FINE WINE,17608 PEARL RD,STRONGSVILLE,44136,19824,17111,36935,,
Q'S STOP DELI,3137 E 65TH ST,CLEVELAND,44127,12233,24335.5,36568.5,,
DIVOTS SPORTS BAR,13393 YORK RD,NORTH ROYALTON,44133,0,36363.5,36363.5,,
VALU KING #5512,47980B RIDGE RD,BROOKLYN,44144,33812,2490,36302,,
OHIO CITY DELI ,5106 FRANKLIN BLVD,CLEVELAND,44102,19950,16156,36106,,
RITE AID #4764,8085 BROADVIEW RD,BROADVIEW HEIGHTS,44147,30642,5348,35990,,
RITE AID #3367,14610 HARVARD AVE,CLEVELAND,44128,28289,7650,35939,,
CORNER BEVERAGE AND HUMIDOR,923 E 222ND ST,CLEVELAND,44123,8774,26786,35560,,
THOMAS BEVERAGE,4423 DETROIT AVE,CLEVELAND,44113,13525,21935,35460,,
BONNIE AND CLYDES,13603 MADISON AVE,LAKEWOOD,44107,0,35401.5,35401.5,,
LAKELAND TAVERN,25463 EUCLID AVE,EUCLID,44117,0,35193,35193,,
BP #288,25466 DETROIT RD,WESTLAKE,44145,22656,12098.5,34754.5,,
RITE AID #4975,27175 CENTER RIDGE RD,WESTLAKE,44145,23653,10848,34501,,
GRILLERS PUB,5455 STATE RD,PARMA,44134,0,34210,34210,,
SMOKE WORLD,6493 PEARL RD,PARMA HEIGHTS,44130,20796,13265,34061,,
LUCKY'S BEVERAGE,10330 LORAIN AVE ,CLEVELAND,44111,16179,17708,33887,,
TRIPPY'S SMOKE SHOP,1449 MESSENGER COURT,SOUTH EUCLID,44121,16300,17474.5,33774.5,,
TOM'S DELI,12900 LAKE AVE UNIT 3 BSMT,LAKEWOOD,44107,12186,21530,33716,,
WEST 44TH STREET FOOD,3238 W 44 ST,CLEVELAND,44109,19100,14604.5,33704.5,,
RITE AID #2665,10502 ST CLAIR AVE,CLEVELAND,44108,23641,9892,33533,,
BP #256,5200 ROCKSIDE,INDEPENDENCE,44131,14900,18323,33223,,
RITE AID #7774,13955 STATE RD,NORTH ROYALTON,44133,27788,5151,32939,,
GET GO #3360,27268 LORAIN RD,NORTH OLMSTED,44070,19936,12863,32799,,
SUNOCO #19 HOP0IN FOOD MART,24200 LAKESHORE BLVD,EUCLID,44123,4200,28560,32760,,
BP #276,3983 MAYFIELD RD,CLEVELAND,44118,12369,20281,32650,,
BIAGIOS DELI,5557 WILSON MILLS RD,HIGHLAND HEIGHTS,44143,16637,15721.5,32358.5,,
HAZE BAR,11619 LORAIN AVE,CLEVELAND,44111,0,32350,32350,,
SUNOCO #19 HOP0INN FOODMART,24200 LAKESHORE BLVD,EUCLID,44123,7209,25091,32300,,
VIBE PARTY CENTER,24900 EUCLID AVE,EUCLID,44117,2031,29977,32008,,
SOLON WINE & LIQUOR,33760 BAINBRIDGE RD,SOLON,44139,13018,18732,31750,,
BROADVIEW FOOD MARKET,4744 BROADVIEW RD,CLEVELAND,44109,12164,19415.5,31579.5,,
ROZI'S WINE HOUSE,21860 CENTER RIDGE RD,ROCKY RIVER,44116,9485,22057,31542,,
COUNTY BUILDING,1219 ONTARIO AVE,CLEVELAND,44113,22924,8599,31523,,
BLOOM BROS SUPPLY,2884 E 116TH ,CLEVELAND,44120,2064,29187,31251,,
SPREMULLI BROS,15002 PURITAS AVE,CLEVELAND,44135,9095,22054.5,31149.5,,
SHOPRITE,4606 W 130TH ST,CLEVELAND,44135,11396,19123.5,30519.5,,
MOZIE INN,14016 TRISKETT RD,CLEVELAND,44111,17000,12979,29979,,
DOLLAR LOTS,7120 DENISON AVE,CLEVELAND,44102,10203,19347.5,29550.5,,
THIRST AND TEN SPORTS GRILLE ,786 FRONT STREET,BEREA,44017,0,29403.5,29403.5,,
HOPP  INN,4896 PEARL RD,CLEVELAND,44109,0,29322,29322,,
NORTH POINTE CAFE,26151 LAKESHORE BLVD,EUCLID,44132,6817,22065,28882,,
CAXTON NEWSSTAND,812 HURON RD,CLEVELAND,44115,19052,9666.5,28718.5,,
DIANES COFFEE & SNACK SHOP,7123 PEARL RD 2ND FL,MIDDLEBURG HEIGHTS,44130,8316,20138.5,28454.5,,
ACES DEPOT,9535 COLUMBIA RD,OLMSTED FALLS,44138,0,28417.5,28417.5,,
BROADWAY SUNOCO,22775 BROADWAY AVE,OAKWOOD VILLAGE,44146,11976,16010.5,27986.5,,
GREENWICH VILLAGE ,6410014 LORAIN AVE,CLEVELAND,44102,600,27021,27621,,
SHELL OIL,1538 W 117TH ST,LAKEWOOD,44107,13681,13795,27476,,
VFW POST 3345 STRONGSVILLE,17900 STRONGSVILLE BLVD,STRONGSVILLE,44149,0,27383,27383,,
LAUSCHE BUILDING,615 W SUPERIOR AVE,CLEVELAND,44113,18377,8927.5,27304.5,,
BP #282,5206 STATE RD,CLEVELAND,44134,21943,5046,26989,,
CIRCLE A FOOD AND BEVERAGE,8021 W 130TH ST,NORTH ROYALTON,44133,15212,11541.5,26753.5,,
BP #260,8200 COLUMBIA RD,OLMSTED FALLS,44138,18307,8188,26495,,
BETTYS FOOD MARKET,3347 MEYER AVE,CLEVELAND,44109,13068,13096.5,26164.5,,
RITE AID #2640,5411 SUPERIOR AVE,CLEVELAND,44103,18298,7078,25376,,
RITE AID #3156,15105 ST CLAIR AVE,CLEVELAND,44110,21095,4063,25158,,
RITE AID #4071,475 E 185TH ST,EUCLID,44119,20456,4678,25134,,
RITE AID #3056,23709 CENTER RIDGE RD,WESTLAKE,44145,15084,9926,25010,,
SAVE MORE MART,4380 STATE RD,CLEVELAND,44109,15660,9158.5,24818.5,,
MIDWAY MARKET,2136 W 98 ST,CLEVELAND,44102,11716,12931,24647,,
RITE AID #3155,28974 LORAIN RD,NORTH OLMSTED,44070,20628,3895.5,24523.5,,
BP #271,4901 FLEET AVE,CLEVELAND,44105,14130,9853.5,23983.5,,
RITE AID #3486,11702 LORAIN AVE,CLEVELAND,44111,21204,2712.5,23916.5,,
SWIFT FOOD MART,10929 ST CLAIR AVE,CLEVELAND,44108,5373,18522.5,23895.5,,
FRONT ROW BAR & GRILL & PATIO,15119 SNOW RD,BROOK PARK,44142,0,23807,23807,,
BP #290,14718 MADISON AVE,LAKEWOOD,44107,16640,7062.5,23702.5,,
NEMOS BEVERAGE,13609 EUCLID AVE,EAST CLEVELAND,44112,1450,21982,23432,,
LINDA'S BEVERAGE & DELI,8708 DENISON AVE,CLEVELAND,44102,13342,10009.5,23351.5,,
WEST PARK SHELL,13960 LORAIN AVE,CLEVELAND,44111,11310,11832,23142,,
BP #289,30812 DETROIT RD ,WESTLAKE,44145,15812,6891,22703,,
BP #274,3735 FULTON RD,CLEVELAND,44109,17211,5425,22636,,
BP #287,29775 CLEMENS RD ,WESTLAKE,44145,14869,7206,22075,,
B & A VARIETY STORE,3211 PROSPECT AVE,CLEVELAND,44115,1658,20366,22024,,
QUICK STOP BEVERAGE,5566 STATE RD,PARMA,44134,11467,10126,21593,,
CORKYS PLACE,13302 DETROIT AVE,LAKEWOOD,44107,0,21541,21541,,
SPOT & PATIO,5775 CHEVROLET BLVD,PARMA,44130,0,21065,21065,,
QUICK STOP MARKET,5105 FRANKLIN AVE,CLEVELAND,44102,15768,4620,20388,,
BP #286,4282 MONTICELLO BLVD,SOUTH EUCLID,44121,8870,11363.5,20233.5,,
AMAL FOOD MART,6909 CLARK AVE,CLEVELAND,44102,11838,8370.5,20208.5,,
BP #283,7510 BROADVIEW,PARMA,44134,14847,5298,20145,,
RITE AID #3163,21800 LIBBY RD,MAPLE HEIGHTS,44137,15030,5109.5,20139.5,,
BP #284,6585 RIDGE RD,PARMA,44129,15181,4729.5,19910.5,,
BGS OLD WORLD TAVERN,661 E 185TH ST,EUCLID,44119,0,19863.5,19863.5,,
ROZIS WINE HOUSE INC,14904 DETROIT AVE,LAKEWOOD,44107,3779,15696.5,19475.5,,
BP #272,4161 W 150TH ST,CLEVELAND,44135,13261,6073,19334,,
PEARL BAGLEY SHELL,7250 PEARL RD,MIDDLEBURG HEIGHTS,44130,13125,5524.5,18649.5,,
70ELEVEN #36207,6267 WILSON MILLS RD,HIGHLAND HEIGHTS,44143,4370,14111.5,18481.5,,
CHEAP TOBACCO,17008 MADISON AVE,LAKEWOOD,44107,8647,9724,18371,,
DIA'S SAVINGS MARKET,2101 DENISON AVE,CLEVELAND,44109,10939,7381,18320,,
RAY'S BEVERAGE,9800 ALMIRA,CLEVELAND,44102,4381,13434.5,17815.5,,
TASTE OF EUROPE,15512 MADISON AVE,LAKEWOOD,44107,12060,5653.5,17713.5,,
BROADVIEW WALLINGS MARATHON,8109 BROADVIEW RD,BROADVIEW HEIGHTS,44147,8153,9429.5,17582.5,,
N & D FOOD MARKET ,4471 STATE RD ,CLEVELAND,44109,12024,5551.5,17575.5,,
THE DARK ROOM,1100 ROYALTON RD UNIT I,BROADVIEW HEIGHTS,44147,0,17462,17462,,
BEREA UNION DEPOT TAVERNE,30 DEPOT ST,BEREA,44017,0,17134,17134,,
WARRENSVILLE MARATHON,5012 WARRENSVILLE CENTER RD,MAPLE HEIGHTS,44137,3643,13402,17045,,
RITE AID #3153,15149 SNOW RD,BROOK PARK,44142,14594,1982,16576,,
THE KITCHEN ICE CREAM & CAKE,6816 SUPERIOR AVE,CLEVELAND,44103,0,15923.5,15923.5,,
EUROPEAN MINI MART,6805 MAYFIELD RD SUITE 2,MAYFIELD HEIGHTS,44124,7051,8559.5,15610.5,,
PAPA NICKS PIZZA,11534 CLIFTON BLVD,CLEVELAND,44102,400,15193,15593,,
AMPOL CLUB,4737 PEARL RD,CLEVELAND,44109,0,15552.5,15552.5,,
RITE AID #7879,5455 RIDGE RD,PARMA,44129,14937,453,15390,,
LA PLAZA SUPERMARKET,13609 LAKEWOOD HTS BLVD,LAKEWOOD,44107,13191,2080,15271,,
MARTINS CORNER DELI,20505 DETROIT RD.,ROCKY RIVER,44116,7528,7567,15095,,
PARMA LICENSE BUREAU,12000 SNOW RD STE 12,PARMA,44130,13560,1399.5,14959.5,,
RITE AID #4278,16207 DETROIT AVE,LAKEWOOD,44107,13170,1768,14938,,
HILLSIDE AND 21 SUNOCO,7099 BRECKSVILLE RD,INDEPENDENCE,44131,5704,9148,14852,,
RITE AID #4788,7109 HARVARD AVE,CLEVELAND,44105,11414,3072,14486,,
EUCLID C0STORE,25451 EUCLID AVE,EUCLID,44117,5889,8561.5,14450.5,,
JACKS TAVERN,78 NORTHFIELD RD,BEDFORD,44146,0,14242,14242,,
O'MALLEY'S RESTAURANT & LOUNGE,16161 BROOKPARK RD,BROOK PARK,44142,0,13945,13945,,
CLEVELAND INDIANS BASEBALL CO,2401 ONTARIO ST,CLEVELAND,44115,8075,5721,13796,,
FRAGAPANE BAKERIES,650 DOVER CENTER RD,BAY VILLAGE,44140,7222,6504.5,13726.5,,
ROCK CITY TAP HOUSE,5324 STATE RD,PARMA,44134,2685,10623,13308,,
21 LOUNGE,2123 E 2ND ST,CLEVELAND,44115,0,13208,13208,,
SPIRITS OF 56,"5881 MAYFIELD RD, REAR",MAYFIELD HEIGHTS,44124,1109,12058,13167,,
RITE AID #3131,20405 CHAGRIN BLVD,SHAKER HEIGHTS,44122,9508,3508,13016,,
RITE AID #3157,3402 CLARK AVE,CLEVELAND,44109,10813,2011,12824,,
UNCLE JOE'S BAR & GRILL,6211 W 130TH ST,PARMA HTS,44130,0,12782.5,12782.5,,
RITE AID #7939,1233 SOM CENTER RD,MAYFIELD HEIGHTS,44124,10045,2645,12690,,
THE FINE WINE AND TOBACCO,26179 DETROIT RD,WESTLAKE,44145,4830,7804,12634,,
RITE AID #3041,28600 CHAGRIN BLVD,BEACHWOOD,44122,6142,6479,12621,,
WEST MINI MART,3892 W 130TH ST,CLEVELAND,44111,11889,0,11889,,
ACE HARDWARE MIDDLEBURG HEIGHTS,15250 BAGLEY RD,MIDDLEBURG HEIGHTS,44130,3518,8052,11570,,
EZ DELI,7903 SUPERIOR AVE,CLEVELAND,44103,7836,3209.5,11045.5,,
GOODIE SHOP,12312014 REXFORD ,CLEVELAND,44105,1023,9933,10956,,
IGGYS,13405 MADISON AVE,LAKEWOOD,44107,0,10768,10768,,
SWEET BASIL NEAPOLITAN STYLE PIZZER,26235 CENTER RIDGE RD,WESTLAKE,44145,0,10594,10594,,
LAKEWOOD ELKS LODGE #1350,24350 CENTER RIDGE RD,WESTLAKE,44145,0,10497,10497,,
STRONGSVILLE CAFE,13600 PEARL RD,STRONGSVILLE,44136,0,10454,10454,,
Z  BEVERAGE & SOUTH ASIAN GROCERIE,13712 LORAIN AVE,CLEVELAND,44111,7100,2722,9822,,
EUCLID CONVENIENT EXPRESS,15848 EUCLID AVE,EAST CLEVELAND,44112,700,8867,9567,,
GEHAD MARKET,3830 E 116 ST,CLEVELAND,44105,0,9082.5,9082.5,,
BP CHESTER,2701 CHESTER AVE,CLEVELAND,44114,450,8378.5,8828.5,,
THE OUTLET STORE,12029 LORAIN AVE,CLEVELAND,44111,4397,4346.5,8743.5,,
RUBYS DELI,938 E 123RD ST,CLEVELAND,44108,400,8310.5,8710.5,,
BYOU BAR AND GRILL,2573 NOBLE RD,CLEVELAND HEIGHTS,44121,4139,4393.5,8532.5,,
SUNOCO #7760,10037 BROADVIEW RD,BROADVIEW HEIGHTS,44147,5228,3192,8420,,
SHOP RITE SUPERMARKET,4606 W 130TH ST,CLEVELAND,44135,1050,7195,8245,,
MARTINS BAY DELI,328 BASSETT RD,BAY VILLAGE,44140,4311,3803,8114,,
YOUR PLACE & MINE,3376 E 55TH ST,CLEVELAND,44127,0,7823,7823,,
C0TOWN GRILL & BAR,1003 W ROYALTON RD,BROADVIEW HEIGHTS,44147,0,7780,7780,,
CORNER BEVERAGE,923 E 222ND ST,EUCLID,44123,3292,4314,7606,,
BP OIL 102W,10202 LORAIN AVE,CLEVELAND,44111,1350,5916,7266,,
SEVEN HILLS TAVERN,7265 BROADVIEW RD,SEVEN HILLS,44131,0,7198,7198,,
NORTH ROYALTON  LICENSE BUREAU,12771 STATE RD,NORTH ROYALTON,44133,6367,727,7094,,
JOHNNIES SOUTH OF THE BORDER,5803 OUTWAITE AVE,CLEVELAND,44104,0,6740,6740,,
SOUTH EUCLID PAWN,4177 MAYFIELD RD,SOUTH EUCLID,44121,1988,4702.5,6690.5,,
SUNOCO #7759,2000 EDGERTON RD,BROADVIEW HEIGHTS,44147,3588,2820,6408,,
MIKE THE HATTER,7976 BROADVIEW RD,BROADVIEW HEIGHTS,44147,0,6310.5,6310.5,,
BUCKEYE SUPERMARKET,2892 E 116TH ST,CLEVELAND,44120,3744,2527,6271,,
SUNOCO HANINI,9796 COLUMBIA RD,OLMSTED FALLS,44138,5926,272,6198,,
GET GO #3831,14206 DETROIT AVE,LAKEWOOD,44107,5013,628,5641,,
BOB'S VILLAGER ,18000 ALEXANDER RD,WALTON HILLS,44146,0,5387,5387,,
K MART #3278,12501 ROCKSIDE RD,GARFIELD HEIGHTS,44125,3350,1239,4589,,
DISCOUNT BEVERAGE,13570 EUCLID AVE,EAST CLEVELAND,44112,2554,2012,4566,,
MILES MINI MART,11334 MILES,CLEVELAND,44105,373,4931.5,4558.5,,
WING WAREHOUSE,28 PARK ST,BEREA,44017,0,4463,4463,,
VICTORY LAP CAFE,6422 STORER AVE,CLEVELAND,44102,646,3680,4326,,
DELSANGRO'S RISTORANTE & LOUNGE,13450 SNOW RD,BROOK PARK,44142,0,4247,4247,,
BP OIL 140W,14008 LORAIN AVE,CLEVELAND,44111,0,4026.5,4026.5,,
M LANG EXECUTIVE ATTIRE & LOUNGE,1275 EUCLID AVE,CLEVELAND,44115,0,3857,3857,,
MANNY QUICK STOP,127 WEST ST,BEREA,44017,1000,2643,3643,,
SMOKE ZONE II,13034 LORAIN AVE,CLEVELAND,44111,1350,1809,3159,,
PARKWOOD SHORE,758 E 222 ND ST,EUCLID,44123,1668,1317.5,2985.5,,
STACKERS BAR & GRILLE,23098 EMERY RD,WARRENSVILLE HEIGHTS,44128,0,2819,2819,,
USA CONVENIENT HARVARD,14302 HARVARD AVE,CLEVELAND,44128,0,2361.5,2361.5,,
ROUND TABLE DELI,8598 GARFIELD BLVD,GARFIELD HEIGHTS,44125,1612,647,2259,,
GIANT EAGLE MARKET DISTRICT #228, 34310 AURORA RD,SOLON,44139,0,2215,2215,,
FAMILY CORNER STORE,10202 SOPHIA  AVE,CLEVELAND,44104,0,2111.5,2111.5,,
JASMINE BAKERY,16700 LORAIN AVE,CLEVELAND,44111,442,2289.5,1847.5,,
FRESH MARKET ,4506 LORAIN RD,CLEVELAND,44102,0,1550,1550,,
NEW SIRRAH HOUSE,4170 LEE RD,CLEVELAND,44128,0,1531,1531,,
PITALICIOUS,815 W SUPERIOR AVE ,CLEVELAND,44114,672,625,1297,,
JOHNS DELI,277 NORTHFIELD RD,BEDFORD,44146,0,1188.5,1188.5,,
DAWN'S MARKET AND DELI,6710 ST CLAIR AVE,CLEVELAND,44103,976,0,976,,
SAVE MORE MART,4380 STATE RD,CLEVELAND,44109,0,613,613,,
PADDY ROCK SUPER PUB,16700 A LORAIN AVE,CLEVELAND,44111,0,473.5,473.5,,
TIMKOS TAVERN,89 NORTHFIELD RD,BEDFORD,44146,0,318,318,,
MILES GROUP LLC,17707 MILES AVE,WARRENSVILLE HEIGHTS,44128,58,0,58,,
JAYSON'S DELI,9901 LORETTA  AVE,CLEVELAND,44102,0,0,0,,
DOLCE WRAPS MEDITERRANEAN,13000 ROYALTON RD,NORTH ROYALTON,44133,0,0,0,,
SAVANNAH BAR & GRILLE,30676 DETROIT AVE,WESTLAKE,44145,0,0,0,,
